id;name;host_id;host_name;neighbourhood;latitude;longitude;room_type;price;minimum_nights;number_of_reviews;last_review;reviews_per_month;calculated_host_listings_count;availability_365;number_of_reviews_ltm;license
27886;Romantic, stylish B&B houseboat in canal district;97647;Flip;Centrum-West;52.38761;4.89188;Private room;132;3;311;2025-09-07;1.87;1;17;33;0363 974D 4986 7411 88D8
28871;Comfortable double room;124245;Edwin;Centrum-West;52.36775;4.89092;Private room;89;2;732;2025-09-07;3.99;2;126;93;0363 607B EA74 0BD8 2F6F
29051;Comfortable single / double room;124245;Edwin;Centrum-Oost;52.36584;4.89111;Private room;61;2;849;2025-09-08;4.81;2;95;86;0363 607B EA74 0BD8 2F6F
49552;Multatuli Luxury Guest Suite in top location;225987;Joanna & MP;Centrum-West;52.38028;4.89089;Entire home/apt;322;3;609;2025-08-26;3.36;1;223;53;0363 576A D827 5085 6B83
50263;Central de Lux 2 bedrooms (4p) apt 125 sqm;230246;Donald;Centrum-Oost;52.36937805386749;4.929579192438728;Entire home/apt;457;2;177;2025-09-01;0.97;1;354;11;0363 7F3D 0BAE 28C8 C7D2
50515;Family Home (No drugs, smoking or parties);231864;Karin;Bos en Lommer;52.37559;4.83857;Entire home/apt;198;7;20;2025-08-23;0.15;1;244;3;0363 5DDB E495 A6D5 CEC6
50523;B & B de 9 Straatjes (city center);231946;Raymond;Centrum-West;52.36959;4.88423;Entire home/apt;162;2;563;2025-08-24;3.15;1;261;79;0363 22DC 0E52 B70B 0FB8
97221;Beautiful and spacious room;195859;Gianni;Slotervaart;52.34801;4.83639;Private room;68;2;412;2025-08-08;2.39;2;305;49;0363 BCBA 6311 3268 DC8C
137026;Charming Historic House with Garden in De Pijp;670266;Ton & Fede;De Pijp - Rivierenbuurt;52.35178;4.90699;Entire home/apt;335;2;117;2025-08-24;0.70;1;108;9;0363 67D6 8568 BA8A F738
179528;Authentic Amsterdam Apartment RAI;856540;Pierre;De Pijp - Rivierenbuurt;52.34332;4.89484;Entire home/apt;301;7;37;2025-06-27;0.22;2;216;2;0363 1C26 67B4 C610 1758
188347;Cozy, Central Room in Amsterdam;907405;Yahav;De Baarsjes - Oud-West;52.3683;4.85446;Private room;68;3;478;2025-09-03;2.79;1;86;42;0363 7C68 38F7 176D 8CDF
189754;Metropolitan B&B centre Amsterdam;915591;Marijn;Centrum-West;52.37548;4.89398;Entire home/apt;231;2;427;2025-09-10;2.51;1;202;55;0363 08BD B22D FCC2 5F83
193038;Private Loft&Bathroom  Ensuite Studio Ctr Amsterda;935742;Johan;Centrum-Oost;52.36057;4.89671;Private room;158;3;740;2025-08-31;4.34;1;323;29;0363 E04C 4DED 8CA7 F902
245927;Sonnenberg - Canal side & view - Private & Central;1005087;Wytse;Centrum-West;52.36897659301758;4.887128829956055;Entire home/apt;635;2;274;2025-08-28;1.68;1;267;39;0363 E3FA A6F6 2112 7636
247805;Bellavista, central,with canal view;1298735;Carolien;De Baarsjes - Oud-West;52.36707;4.87348;Private room;117;2;563;2025-09-02;3.35;1;9;67;0363 157A 14AF 5451 77C3
254104;The Flying Pancake B&B Amsterdam;1334704;Claudia;Centrum-Oost;52.364898681640625;4.9091691970825195;Private room;185;2;86;2025-09-06;0.68;3;250;5;0363 04F9 EC32 8EE2 C9D0
255809;Stylish apartment with free carpark;1344947;André Charles;De Pijp - Rivierenbuurt;52.34416;4.88709;Private room;279;2;269;2025-09-04;1.65;1;314;42;0363 A842 020A 9193 B416
283170;"5-bedrooms house; central location; free parking";1451657;Marco;Zuid;52.35435;4.87316;Entire home/apt;1036;2;130;2025-06-15;0.80;1;253;1;0363 0240 34A0 48C3 6D81
286500;Centre, canal view with private bathroom;1491565;David;Centrum-West;52.37561;4.9;Private room;184;3;413;2025-08-27;2.49;2;118;31;0363 DF01 FBC0 496B 9730
290701;Central, big window, rear room with private bath.;1491565;David;Centrum-West;52.37561;4.9;Private room;184;3;491;2025-09-05;2.97;2;96;27;0363 DF01 FBC0 496B 9730
291752;Cozy & large bohemian style room;1511330;Ton;Oud-Oost;52.35143;4.91272;Private room;141;3;283;2025-06-24;1.70;1;317;16;0363 6ACC BA1B 12A9 60C1
304082;Private, quiet studio in the centre with terrace;276068;Mirre;Centrum-West;52.37046;4.89712;Entire home/apt;185;2;381;2025-08-23;2.32;1;265;59;0363 6C40 7413 ADD3 9AF8
306852;SunShine, A Sunny Amsterdam Center Special;1141485;Gisèle And Simon;Centrum-Oost;52.35931;4.89844;Entire home/apt;200;4;32;2023-04-01;0.20;3;0;0;0363 33C3 B936 3911 FC42
307497;Historical sailing ship Monnickendam and Amsterdam;1582128;Jorn;Westerpark;52.3933;4.88556;Entire home/apt;948;2;103;2024-05-12;0.65;2;309;0;Exempt
307621;SunBird, Sunny Apt in Quiet Street;1141485;Gisèle And Simon;Centrum-Oost;52.35871;4.89616;Entire home/apt;134;3;6;2023-03-27;0.04;3;0;0;0363 33C3 B936 3911 FC42
311124;*historic centre* *bright* *canal view* *Jordaan*;1600010;Anke & Robert;Centrum-West;52.37104;4.87713;Entire home/apt;325;5;100;2025-07-21;0.61;1;307;8;0363 59D8 7D30 6CFA DC81
331946;great family house only suitable for fam with kids;1687595;Sebastiaan;De Baarsjes - Oud-West;52.3606;4.85739;Entire home/apt;275;3;37;2025-08-18;0.26;1;7;5;0363 A942 21DC C431 1AD1
343094;Amstel Nest - an urban retreat for two;1740785;Rob & Fang;Oud-Oost;52.35715;4.90926;Private room;104;5;586;2025-07-30;3.60;1;296;39;0363 FC71 F7DB 3AB4 3C42
359298;Sunny Roof Top in Beautiful Area;1817922;Fabrizio;Centrum-Oost;52.36217;4.91152;Entire home/apt;271;2;112;2025-01-04;0.69;1;176;2;0363 2C03 2839 16EE 011F
366438;Private apartment@ city centre & canal view;1849988;Nicolet;Centrum-West;52.36902;4.89535;Private room;147;3;565;2025-09-08;3.46;1;335;36;0363 BD40 0F80 50E7 8478
367107;IN HISTORIC CENTRE, NEXT TO AMSTEL, PEACEFUL HOME;1853421;Marijn;Centrum-Oost;52.36301;4.90077;Entire home/apt;299;5;23;2025-04-26;0.19;1;358;3;0363 1761 5C93 2C93 93FE
379885;Private Studio Houseboat *BEST VIEW* @Amstel;1907015;Masha;De Pijp - Rivierenbuurt;52.354647769336964;4.906100814228655;Private room;228;3;94;2023-10-29;0.58;1;2;0;0363 3FE4 07B5 85AA 55F8
410997;Great for families, 3BR duplex with roof terrace;2046301;Nina;Westerpark;52.380023324555076;4.874433921704397;Entire home/apt;287;1;0;;;1;2;0;0363 DD3A 3885 5DEF 971F
415619;Sunny Amsterdam East Harbor View;1336633;Stephan;Oostelijk Havengebied - Indische Buurt;52.36905;4.93528;Entire home/apt;124;2;92;2025-08-24;0.57;1;1;6;0363 09A6 8FFA 6EC4 805F
431635;Sunny apartment with cat;1939922;Hannes;Bos en Lommer;52.37706;4.85671;Entire home/apt;63;5;24;2025-08-17;0.15;1;18;2;0363 604F 0D83 3E37 14D7
440992;Charming houseboat near Olympic St.;2191136;Jan;Zuid;52.341621;4.849049;Entire home/apt;170;3;141;2025-09-02;0.87;1;9;7;0363 6532 4C0A A235 9114
441424;Family house in centre of Amsterdam;2193861;Marco;Oostelijk Havengebied - Indische Buurt;52.37386;4.9431;Entire home/apt;158;4;45;2025-08-03;0.28;1;22;3;0363B9396B464F7B165A
445660;cosy room with private entrance;2202945;Heleen;De Baarsjes - Oud-West;52.37001;4.85646;Private room;60;3;592;2025-09-08;3.65;1;195;28;0363 1D15 382F 70B9 6319
450767;Houseboat 'Saturnus' Amsterdam;2238440;Richard En Birgit;Centrum-Oost;52.37006;4.90081;Entire home/apt;374;3;334;2025-08-26;2.12;2;294;58;0363 DB37 0A9B 68B2 4474
496953;Luxury design B&B in city centre;2453971;Kim;De Baarsjes - Oud-West;52.36385;4.87483;Private room;250;1;28;2018-12-31;0.18;1;88;0;0363 A70C E031 9597 F8A8
505012;Amsterdam centrum, perfect familiehuis;1645998;Djoke;Centrum-Oost;52.36412;4.88757;Entire home/apt;630;3;61;2023-05-10;0.39;1;2;0;0363 5F8A A57B 18E0 63BB
507598;Canal View Apartment! Jordaan Area;2501656;Stephanie;Centrum-West;52.37694;4.88003;Entire home/apt;500;2;62;2019-06-16;0.39;1;87;0;0363 E6C4 FEF6 F27C DCF5
515088;Familyfriendly Suite incl breakfast;2536879;Hansje;Noord-Oost;52.39702;4.99645;Entire home/apt;215;2;1;2019-03-10;0.01;1;341;0;0363 0A94 AAA2 B228 0695
515749;Unique and luxury houseboat;2540480;Derk;Centrum-Oost;52.35902;4.89606;Entire home/apt;210;3;325;2025-07-28;2.03;1;260;33;0363CB2056581DF32788
515921;Apartment near centre with amazing view over city;2541099;Anne-Marie;Zuid;52.35022;4.8525;Entire home/apt;175;3;104;2025-08-10;0.65;1;43;4;0363 676E D52D A47D 768A
517996;Bright Canal house with amazing view! @the Jordaan;2550339;Aemilia;Centrum-West;52.37827;4.88568;Entire home/apt;350;3;31;2025-05-30;0.20;1;69;1;0363 7EFC D96F 5878 3F49
528022;Somewhere Else;2594559;Els;Westerpark;52.39142;4.88648;Private room;125;2;355;2025-09-05;3.26;1;308;34;0363 9289 A94D 5C21 A579
553514;B&B WestergasTverblijf , Cosy!;618589;Mirjam;Westerpark;52.38444;4.86916;Entire home/apt;108;2;162;2020-02-16;1.05;1;37;0;0363 AD82 ADCF 17F3 C3EA
556829;peaceful stay near city centre,  airport & forrest;2737834;Sophia;Buitenveldert - Zuidas;52.33558;4.86878;Entire home/apt;126;3;28;2024-04-21;0.18;2;0;0;0363 957A 9061 D805 A3EC
570753;Southern Comfort near Vondelpark;2439449;Henriette;Zuid;52.34904;4.86765;Private room;87;4;402;2025-08-19;2.52;1;179;13;0363 7215 8083 16CB E805
579851;Private Studio on Spectacular Houseboat;2851886;Sonja;Westerpark;52.3904;4.88421;Private room;152;2;640;2025-08-25;4.07;1;6;43;0363 74BB 1569 D1B7 ADBE
582028;GREAT Full family apartment with great park view;2865851;Oliver;Slotervaart;52.36022;4.84346;Entire home/apt;187;3;13;2025-07-25;0.09;1;112;1;0363 6AE3 C6BD AA79 AB13
588020;Large 3 bedroom apartment surrounde;1759884;Ivan;Centrum-Oost;52.36918;4.91316;Entire home/apt;360;3;391;2025-09-01;3.03;2;255;50;Exempt
590236;Our Cozy Third floor Home;2912339;Kelli;De Baarsjes - Oud-West;52.36809;4.85436;Entire home/apt;180;3;61;2025-08-26;0.39;1;256;5;0363 058A D932 3063 B1F7
590681;Beautiful large family garden house Vondelpark;2914846;Lotte;Zuid;52.34788;4.8506;Entire home/apt;280;2;29;2024-07-16;0.18;1;10;0;0363 9A2B 5A8C 1B13 AF1B
591951;House at waterfront in Amsterdam + parking place;2580855;Martine;Bijlmer-Oost;52.32582;4.98403;Entire home/apt;319;1;72;2025-06-02;0.45;1;363;8;0363 5BAB 71FE 97EC 530D
606871;Modern Houseboat | Jordaan area | A unique stay!;3007402;Diewert;Westerpark;52.37621;4.87075;Private room;164;1;629;2025-09-02;4.19;1;319;85;0363 48AF 9151 13B6 2543
608432;Sleep at Amy's B'n'B Front Room;3015785;Erik And Mary Jo;Centrum-West;52.381996;4.888583;Private room;110;1;1002;2025-09-10;6.29;2;54;83;0363 AACD 8155 9F76 50DA
613088;Your own cottage in the countryside;3040748;Henk;Noord-Oost;52.41016;4.96369;Private room;81;2;415;2023-05-28;2.61;8;248;0;0363 C2FC D0FB 68D9 2F58
620056;Light, spacious apartment in cool Westerpark area;2782084;Marieke;Westerpark;52.3884;4.87148;Entire home/apt;212;3;34;2024-10-21;0.22;1;75;1;0363 2FF0 BE81 5B19 5B5A
627188;Sleep at Amy's B'n'B Garden Room;3015785;Erik And Mary Jo;Centrum-West;52.381996;4.888583;Private room;112;1;692;2025-09-08;4.34;2;56;61;0363 AACD 8155 9F76 50DA
654931;A-location, ensuite bathroom, centre - Milkmaid -;3278419;Matthijs;Centrum-West;52.37167;4.8948;Hotel room;178;1;1036;2025-09-09;6.55;2;229;83;0363 4587 2DC3 051C 3FCA
655216;A-location ensuite bathroom centre 'Pearl Earring';3278419;Matthijs;Centrum-West;52.37098;4.89434;Hotel room;166;1;949;2025-09-06;6.02;2;237;91;0363 4587 2DC3 051C 3FCA
660856;Entire house / 4 floors art-filled family-friendly;3336575;Maaike;Watergraafsmeer;52.3551;4.93262;Entire home/apt;395;4;44;2025-08-29;0.28;1;0;2;0363 528E 3889 FA20 43A1
664697;Design Waterfront flat near station;1406783;Alicia;Oud-Noord;52.38537;4.90241;Entire home/apt;87;30;62;2018-06-30;0.39;2;225;0;Exempt
683431;Nice Room near to RAI and downtown;2309485;Ned;De Pijp - Rivierenbuurt;52.34557;4.8962;Private room;115;1;774;2025-09-07;5.72;1;186;81;0363 0BD4 E0F6 EDD1 59C7
685990;Small Room in quiet zon near centre Amsterdam;3498674;Nadia;Geuzenveld - Slotermeer;52.38296;4.83786;Private room;77;4;439;2025-09-02;2.78;2;271;34;0363 E7AB 3034 7C9C 1348
689623;City beach apartment;2272095;Katinka;Centrum-Oost;52.37174;4.92579;Entire home/apt;162;10;98;2025-08-19;0.65;1;70;5;0363 4EFA 63D8 DADD 844A
694850;Quiet room in Amsterdam Center;3556421;Mirjam;Centrum-West;52.37276;4.89932;Private room;90;2;774;2025-09-04;4.91;1;31;17;0363 D97F BD02 AF62 7D7C
696113;Stylish Oasis Near City, Lake and Green;3564543;Daniel;IJburg - Zeeburgereiland;52.36158;4.97639;Entire home/apt;233;6;27;2025-04-23;0.17;1;339;1;0363 E46F 1FD2 518B BF66
728144;Beautiful loft in center Amsterdam;3775786;Aren;Centrum-Oost;52.36112;4.89632;Entire home/apt;463;3;151;2025-09-01;0.97;1;4;4;0363 5EC5 F20A E363 206D
728145;Superb loft apartment in de Pijp!;1902079;Martijn;De Pijp - Rivierenbuurt;52.35258865356445;4.894248962402344;Entire home/apt;225;3;70;2025-07-27;0.45;1;0;5;0363 F5CC 615C 7B38 253B
729260;Great location modern apartment;3788198;Martin;Centrum-West;52.38079;4.88536;Entire home/apt;184;5;108;2025-08-12;0.69;1;287;4;0363 F6EF 50E3 40EB 1CFB
729317;Suite 2 Stay - studio Beautiful Barok - canal area;3788673;Laurens En Petra;Centrum-Oost;52.36052;4.89568;Private room;147;3;218;2025-09-04;2.12;2;50;39;0363 EC5F 15FE 498F 9173
741043;Modern  stylish villa: My Amsterdam Houseboat;3877342;Nicole;Westerpark;52.37654;4.87003;Entire home/apt;590;2;92;2025-08-24;0.60;3;208;15;0363 96BE 3082 7DDB 9575
742160;Historical sailing ship in the center of Amsterdam;1582128;Jorn;Centrum-Oost;52.36719;4.92061;Entire home/apt;948;2;152;2025-07-20;0.99;2;304;15;Exempt
744659;Private luxury B&B near Amstel;3518386;Kristel;Oud-Oost;52.35659;4.90827;Entire home/apt;125;2;363;2025-08-21;2.32;1;189;47;0363 C453 AB43 D5F5 6DAC
754613;Canal house - Heart of Amsterdam;3970753;Take & Eline;Centrum-Oost;52.37266;4.90456;Entire home/apt;429;3;505;2025-09-10;3.30;1;173;66;0363 DBD3 72A7 CE0C B37C
755431;A special spot near the Jordaan ideal for two;3975477;Anna And Robert;De Baarsjes - Oud-West;52.37066;4.87405;Private room;123;3;388;2025-09-08;2.65;1;169;66;0363 FB2E 260E BE6C 44C2
759299;beautiful spacious appartment near Vondelpark;3548522;Susanne;De Baarsjes - Oud-West;52.36115;4.85209;Entire home/apt;255;3;18;2025-08-17;0.13;1;2;3;0363 8350 2AA2 28A1 C258
768274;Amazing Canal Loft;3678216;J & R;Westerpark;52.38855;4.88521;Entire home/apt;295;3;84;2025-06-12;0.57;1;190;1;0363 7A50 18E7 51D1 B7F9
768737;Room, brandnew luxurious houseboat;3877342;Nicole;Westerpark;52.37824;4.86826;Private room;131;2;405;2025-08-17;2.71;3;16;17;036396BE30827DDB9575
771343;City Centre Room. En-suite Shower. Roof Terrace.;2313061;Marcel;Centrum-West;52.37594;4.88387;Private room;122;1;902;2025-08-25;6.93;2;211;93;0363 8C61 E9B9 5582 913E
771758;Nice and Cozy Room Offered in Amsterdam;195859;Gianni;Slotervaart;52.34985;4.83578;Private room;60;2;374;2025-08-26;2.48;2;322;45;0363 BCBA 6311 3268 DC8C
775655;the Boathouse bed&bike A'dam centre;4091515;Karin;Centrum-Oost;52.37026;4.89931;Private room;137;2;555;2025-09-09;3.56;1;330;34;0363 E246 20B0 E608 BF76
794322;Romantic Houseboat in the center;4184910;Lydia;Centrum-Oost;52.368637074100214;4.899095646157325;Private room;199;1;446;2025-08-25;2.92;1;299;42;0363 7FCD 7E75 8341 EB0E
800723;mediterranean ambiance appartment;4215174;Hinde;De Baarsjes - Oud-West;52.36884;4.86127;Entire home/apt;118;4;18;2020-02-18;0.12;1;125;0;0363 6CD0 61EE A298 8E86
802052;Sleeping in a unique ship in the center of A'dam!;4221960;Peter;Centrum-Oost;52.36476;4.90925;Private room;140;1;1445;2025-09-05;9.28;1;220;118;0363 787E FE88 DA65 E7FC
816940;Old South Lovely Garden Apartment;4290554;Joyce;Zuid;52.35323;4.85421;Entire home/apt;130;7;83;2025-03-29;0.55;1;26;1;03632A9BE56A736890D1
818881;Simple central canal appt.With garden.;4297337;Liesbeth;Centrum-Oost;52.36123;4.89619;Entire home/apt;144;6;49;2025-08-17;0.34;1;143;16;0363 C043 2638 E06E 6A9B
834233;Studio Mondriaan Amsterdam;4364462;Margot;Centrum-Oost;52.37272;4.90418;Private room;123;3;419;2025-07-03;2.71;1;79;36;0363 02A6 5C3D 72B4 EBA2
847093;Lovely apartment @Vondelpark for families;4663170;Brenda;De Baarsjes - Oud-West;52.3607;4.85991;Entire home/apt;340;5;58;2025-08-02;0.38;2;253;1;0363 F80D 830C 99F0 23E3
851044;HOUSEBOAT NOVA 80m2 + FREE BIKES;4443833;Nova Team;Zuid;52.33875;4.84852;Entire home/apt;138;1;1133;2025-09-01;7.33;2;150;90;0363 B559 3E8F 0F72 1573
862411;Fancy apartment heart of Amsterdam;4520552;Simone;Centrum-West;52.38139;4.88541;Entire home/apt;250;90;83;2023-07-27;0.54;1;179;0;0363 2A3E E12A B662 839B
865328;Sunny apartment Amsterdam Zuid behind Museumsquare;4543444;Trinette;Zuid;52.35584;4.87401;Private room;156;4;289;2025-09-07;2.48;1;198;44;0363 4DBF 436A 6C12 7276
868418;Tranquil wooden house with free parking;4574185;Scott;Noord-West;52.41197649999999;4.9079143;Private room;112;2;21;2025-07-31;0.14;2;134;11;0363 9D77 AE5C F9DC E8F6
874076;The Weavery Boutique Bed&Breakfast2;4614541;Driss And Bettina;Centrum-Oost;52.361362;4.890488;Private room;172;2;82;2025-06-30;0.74;2;275;4;0363 3293 F67E 2ECB 51E9
877702;The Weavery Boutique Bed&Breakfast1;4614541;Driss And Bettina;Centrum-Oost;52.36136245727539;4.890488147735596;Private room;235;2;83;2025-08-31;0.55;2;279;10;0363 3293 F67E 2ECB 51E9
879986;Spacious room with private bathroom;3332206;Stef;De Pijp - Rivierenbuurt;52.3418;4.91066;Private room;108;5;622;2025-09-10;4.06;1;311;20;0363 57FA D88E 630A 3AC0
884329;Bed & Boat, apartment on houseboat. Free Parking.;4684314;Frans;De Aker - Nieuw Sloten;52.343079;4.788886;Private room;144;2;630;2025-08-28;4.11;1;162;37;0363 468F 67C1 8D65 D7C3
890288;Lux 2-bed aprt + 2 bath + 2 terrace;4724613;Cindy;Zuid;52.35658;4.85359;Entire home/apt;439;2;61;2025-07-26;0.40;1;234;8;0363 BA28 A2B7 9DE1 64EC
895684;Houseboat in central Amsterdam;4773348;Joep;Westerpark;52.37342;4.8693;Entire home/apt;340;1;50;2025-06-15;0.33;1;253;8;0363 E61B 3003 C87D CB51
901789;Trendy apartment in Oud-West;4817958;Bastian;De Baarsjes - Oud-West;52.36997595854369;4.856519718051397;Entire home/apt;103;3;100;2025-05-30;0.66;1;5;6;0363 9D12 9F5C 81B9 A170
906446;A cosy Bed and Breakfast in A'dam.;488009;Vivian;Buitenveldert - Zuidas;52.33229;4.87431;Private room;89;2;437;2025-08-16;2.90;2;339;21;0363 707F 46F6 0246 4CB8
922489;Tranquil wooden house with free parking;4574185;Scott;Noord-West;52.41197649999999;4.9079143;Private room;95;2;36;2025-09-10;0.24;2;132;29;0363 9D77 AE5C F9DC E8F6
931270;Houseboat: Our little paradise in Amsterdam;4281750;Karin;Zuid;52.34147;4.84983;Entire home/apt;127;2;519;2025-08-24;3.50;1;196;57;0363A311D909DCACEFF9
933523;Ecoluxe accommodation 'The Green Tunnel';5033331;Dianne;IJburg - Zeeburgereiland;52.356197;4.991435;Private room;209;3;189;2025-09-07;1.37;1;65;48;0363 3DAD 7A1B DD57 EB0F
934060;Sailing ship LOTUS, unique group accommodation;5037506;Olaf;Oud-Noord;52.4016;4.89785;Private room;668;2;163;2025-04-01;1.08;2;0;4;Exempt
946142;Cozy apartment near lively neighborhood Jordaan;5102632;Madelinde;Westerpark;52.37991;4.87414;Entire home/apt;108;3;492;2025-08-26;3.25;1;147;35;0363 3B2D EEFC CA3A 3C74
947437;Boutique room style ,room in quiet neighborhood;5134833;Andre;Osdorp;52.35595;4.79661;Private room;100;2;363;2025-08-24;2.48;1;29;45;0363 8300 75DC 8AD2 186A
951483;Great house,Perfect place, S-Garden;5162447;Roland;Watergraafsmeer;52.35149;4.92265;Entire home/apt;128;4;67;2025-08-21;0.44;1;34;6;0363 FD39 9647 61F5 72C2
954629;Clean studio, 2e floor, no elevator, in suburb!;5183517;Simone;Bijlmer-Centrum;52.32019;4.95501;Private room;85;1;199;2025-09-07;1.53;2;241;73;0363 7AA6 5489 C8E4 39CE
954633;Private studio near Ziggo Dome & Arena, in suburb;5183517;Simone;Bijlmer-Centrum;52.32019;4.95501;Private room;86;2;232;2025-09-05;1.68;2;101;41;0363 7AA6 5489 C8E4 39CE
957396;Modern, spacious designer house;4794187;Diederik;IJburg - Zeeburgereiland;52.36084550323894;4.980601130578248;Entire home/apt;276;3;29;2024-08-18;0.21;1;306;0;0363 D07E D620 5AB1 9CBA
963328;All private, city center @ homestay Wendie;538659;Wendie;Centrum-West;52.36561;4.88492;Private room;152;4;532;2025-08-31;3.53;1;82;22;0363 6E21 00C6 27D0 F3A8
964986;Space, glass floors & roof terrace;2633774;Daniel;De Pijp - Rivierenbuurt;52.35531;4.90333;Entire home/apt;355;5;36;2024-06-29;0.24;1;253;0;0363 7961 2CFF 0F2D 0125
969862;Living in a houseboat on the water;5297940;Helga;Zuid;52.34122;4.84977;Private room;95;2;274;2025-09-02;1.87;1;51;25;0363 77F9 4DBC 2E88 41C2
995087;Waterfront B&B;4415881;Vera;Westerpark;52.381615;4.877059;Private room;85;3;478;2025-06-09;3.44;1;0;25;0363 6931 E4DB 02D7 CC92
1005026;Nice,new app. nearby Center/Jordaan;5527871;Kyra;Westerpark;52.37367;4.87394;Entire home/apt;250;3;52;2025-06-14;0.34;1;27;3;0363 B722 0F9E DABD D7F5
1005695;Beautiful apartment in centre;5530981;Freek;Oud-Oost;52.35781;4.91027;Entire home/apt;150;10;45;2017-11-05;0.30;1;231;0;0363 7ECC D312 5F82 D39A
1008006;Luxury BedonBoard on Beautiful Houseboat Amsterdam;3523553;Doet;Westerpark;52.37998;4.86959;Private room;127;3;203;2025-09-01;1.68;3;222;30;0363 B686 2FA3 2168 364E
1008223;A'dam West - room with double bed;4443157;Arne;Slotervaart;52.36369;4.83861;Private room;86;2;659;2024-06-13;4.34;1;0;0;0363 2BC1 B5A0 68C1 3161
1018703;Michèle's Houseboat 'de Pijp', Brasil Room;125667;Michèle;De Pijp - Rivierenbuurt;52.35099;4.886627;Private room;164;1;358;2025-08-31;2.58;2;167;26;Exempt
1020477;central canal apartment;5617295;Marc;Centrum-West;52.37811;4.89196;Entire home/apt;255;4;44;2025-07-06;0.29;1;52;4;0363 943E 8C13 49EE FF82
1021538;Big and stylish family-home with garden.;5622526;Jef & Mette;Slotervaart;52.35166;4.83893;Entire home/apt;291;7;12;2024-08-18;0.11;1;162;0;0363 2ADD C3B8 89D1 3F5A
1025482;Houseboat,Centre,Garden, Breakfast, Cheap parking;5646154;Reinhart;Oud-Noord;52.38355;4.90951;Private room;157;2;824;2025-08-28;5.44;2;168;39;0363 0E7F 32B4 14AC 35E6
1038120;Big trendy family loft in city center Amsterdam;5714947;Jasper;Centrum-West;52.38793182373047;4.884929180145264;Entire home/apt;808;3;57;2024-07-08;0.39;1;364;0;0363 0EDA E3A3 86EC 338D
1044448;Center, 2 storey cornerhouse, 4 BR, Canalview!;5750100;Saskia;Oud-Oost;52.36181;4.91856;Entire home/apt;750;3;51;2025-05-22;0.34;1;350;4;0363 4145 B8AC 548A 25C5
1044452;Charming Private Studio Westerpark;5750107;Jacob & Patricia;Westerpark;52.38912;4.87907;Entire home/apt;119;1;308;2025-08-08;2.06;1;118;6;0363 D186 C01B 1BB7 922F
1047746;Big family house with garden!;2976877;Donate;Oud-Oost;52.36227;4.92893;Entire home/apt;250;4;34;2025-08-08;0.23;1;9;3;03634D34BECEABA0DC8B
1057494;Lovely bright room with balcony and beatiful view!;1899420;Rosie;Zuid;52.34746;4.87559;Private room;76;1;626;2025-08-21;4.17;2;27;30;03636DA0823945F2FF59
1068565;House along the water in Amsterdam;5878526;Petra;IJburg - Zeeburgereiland;52.36255;4.976;Entire home/apt;195;6;98;2025-06-10;0.65;1;195;5;0363 1FE6 D1C9 901B 5B16
1071414;Amstel Fab Apart Centre Quiet near Amstel Hotel;5893654;Joke;Oud-Oost;52.35764;4.9067;Entire home/apt;173;3;524;2025-09-02;3.48;1;49;55;0363 D0FB 88EE 2A83 C4E1
1086763;Dahli's Sleep Boutique - Streetview;3899684;City Apartments;Centrum-Oost;52.36256;4.89809;Private room;200;3;56;2025-08-01;0.42;2;297;7;0363 3D40 C88D 9D23 A70E
1105128;Houseboat Neeltje unique experience;6063077;Stijn;Centrum-Oost;52.3735;4.90688;Private room;165;2;504;2025-09-07;3.36;1;222;40;03636464525791D6862E
1105924;Lovely House for families/couples. Bikes available;6072512;Pascale;Watergraafsmeer;52.35381317138672;4.941221237182617;Entire home/apt;295;3;19;2025-08-11;0.13;1;1;3;0363 6983 4CD3 6BED E82B
1116446;Deluxe Room, Whirlpool, Center, Qpark nearby;6127483;Daniella;Bos en Lommer;52.37871;4.84688;Private room;85;1;388;2025-09-01;2.58;3;114;13;0363 A6C0 16C0 2606 7E49
1120077;Sunny Bolo Gem: Cozy 2-Bedroom Retreat;6114964;Eveline;Bos en Lommer;52.37784;4.86178;Entire home/apt;287;2;18;2022-09-10;0.16;1;89;0;0363 E320 5F83 7F6C 8B43
1132247;XL luxurious houseboat on hot spot;6211092;Joost;Westerpark;52.39018;4.88716;Entire home/apt;591;3;48;2025-08-06;0.33;1;266;7;0363 BB66 CE09 99A3 3C75
1145866;Stylish Trendy Room Whirlpool Q park nearby;6127483;Daniella;Bos en Lommer;52.37802;4.84513;Private room;88;28;380;2025-08-03;2.56;3;225;23;0363 A6C0 16C0 2606 7E49
1149289;Light and spacious in residential area in center;2480643;Emma;Centrum-Oost;52.3702;4.92103;Entire home/apt;198;2;99;2025-05-19;0.66;1;152;1;0363 14C2 DB05 C34C E459
1149380;B&B Calypso Amsterdam;6300541;Micha;Bijlmer-Centrum;52.31774;4.94647;Private room;159;1;804;2025-09-02;5.59;1;236;94;0363 C7EC ACA6 9FE7 6EE5
1155386;Quietness and the city life;6299692;Mirjam;De Pijp - Rivierenbuurt;52.34227;4.91217;Entire home/apt;150;7;68;2024-10-06;0.46;1;263;2;03634817FCC961363C8C
1158865;Sunny Central Flat Overlooking Amsterdam Canal;6250938;Doruk;De Baarsjes - Oud-West;52.371;4.87158;Entire home/apt;284;3;30;2025-07-27;0.21;1;15;3;0363 25AB A591 98B9 045C
1159534;4BR town house, quiet and extremely central;506601;Joris;Centrum-Oost;52.36207;4.88948;Entire home/apt;800;4;30;2024-09-07;0.20;1;158;0;0363 D4C1 2F5C 3303 0677
1162769;Great new appartment in hip part of Amsterdam!;6368949;Hans En Sietske;Oud-Oost;52.35823;4.92035;Entire home/apt;349;4;18;2024-01-01;0.12;1;75;0;0363 F465 B910 CD53 9D4A
1174506;Cosy stylish apartment in De Pijp;6428213;Roel;De Pijp - Rivierenbuurt;52.35043;4.90079;Entire home/apt;148;6;49;2025-05-20;0.33;1;0;4;0363 FD67 5B39 9442 2005
1195666;Luxery family canal house, 4 BRM, 3BR (2 AC);6534317;Willemijne;Centrum-West;52.36718;4.87849;Entire home/apt;429;3;53;2025-07-22;0.36;1;44;2;03633A22E1C39FBC3D92
1196088;Charming Apartment -Own courtyard;6536417;Wanka;Oud-Noord;52.38827;4.94617;Entire home/apt;178;2;625;2025-09-06;4.25;1;231;85;03637B6FE171C6D89CC8
1223171;The Green Loft in Amsterdam;6673715;Valeria;De Baarsjes - Oud-West;52.367088;4.863511;Private room;156;2;586;2025-08-25;3.94;1;75;45;0363 BBF3 C3D6 4F1B E002
1225622;Spacious house garden walk through park to centre;6449836;Tamara;De Baarsjes - Oud-West;52.35936;4.86001;Entire home/apt;384;4;64;2025-07-21;0.43;1;83;5;0363 9A8D AD09 CB57 AC22
1234387;Spacious family house;2311301;Josette;Zuid;52.355133096636784;4.879653035660964;Entire home/apt;360;5;7;2025-02-23;0.28;1;118;1;0363 C497 3975 0635 DF4D
1236227;Leidse Square 5 star Luxury-apartment;6739792;Sander;Centrum-Oost;52.36442;4.88121;Entire home/apt;589;1;411;2025-09-08;2.76;1;212;58;0363 CF0D F533 8862 D059
1246242;LAST MINUTE!Luxury 1918 Home: jacuzzi, near center;6739095;Martine;Oud-Noord;52.39238;4.92899;Entire home/apt;293;2;51;2025-08-12;0.37;1;68;3;0363 BD93 21CF C688 7CAF
1260229;Houseboat in the center of Amsterdam.;6863370;Lilian;Centrum-West;52.38481;4.89244;Entire home/apt;256;3;85;2025-07-13;0.60;1;27;1;0363 8E6A C359 1B43 3063
1262157;Residential  Home Vondelpark,van Gogh, Rijksmuseum;6873206;Marlous & Michiel;Zuid;52.35749;4.87699;Entire home/apt;429;2;42;2025-06-01;0.29;1;175;3;0363 266F 98A6 D4F1 488F
1271700;Spacious family house close to the Vondelpark;2826060;Barbara;De Baarsjes - Oud-West;52.36062;4.86901;Entire home/apt;407;2;42;2025-09-09;0.29;1;40;6;0363 C6E3 33CC F7C0 AE2D
1272352;BEAUTIFUL Roof Terrace apartment!!!;6925102;Marcel;Bos en Lommer;52.37537;4.86019;Private room;108;3;476;2025-09-02;3.24;1;259;35;0363 FC3D A0CA 424E 47B6
1303321;B&B, from Dorothé;246493;Dojo;De Pijp - Rivierenbuurt;52.35433;4.89863;Private room;86;3;131;2025-09-01;0.91;2;37;49;0363 EB69 FDB5 5116 D5EC
1311373;Huge 2 floor apartment with garden!;7126883;Richard;De Baarsjes - Oud-West;52.37108;4.87389;Entire home/apt;500;4;32;2024-05-16;0.22;1;242;0;0363 60B9 AC4F 8F7C F6A8
1331157;Big spacious house at the waterfront;7218607;Job En Suzanne;IJburg - Zeeburgereiland;52.34861;5.00784;Entire home/apt;338;2;25;2025-08-05;0.20;1;249;2;0363 7DD4 0915 9EDC 306E
1350096;Casa Vrolik, Amsterdam, Oosterparkbuurt BnB 2pp.;4905127;Toetsie;Oud-Oost;52.35719;4.92193;Private room;100;2;178;2025-08-03;1.21;4;310;8;0363 A7D7 D999 34B1 1496
1350246;Casa Vrolik, Amsterdam, Oosterparkbuurt Bnb 1pp;4905127;Toetsie;Oud-Oost;52.35719;4.92193;Private room;89;2;259;2025-09-07;1.79;4;311;22;0363 A7D7 D999 34B1 1496
1358042;Woonboot in Amsterdam.;7371529;Ton;Noord-Oost;52.38251;4.96577;Private room;68;2;700;2025-09-02;4.77;1;231;62;03631452992C92E8DB02
1375612;Your own apartment on wheels;3040748;Henk;Noord-Oost;52.39508;4.99186;Private room;76;2;229;2025-08-20;1.56;8;205;15;0363 2A6D 7C09 877D 715F
1380019;Stunning Apartment with Canal View;7474002;Erica;Centrum-Oost;52.37057;4.90795;Entire home/apt;248;3;6;2025-08-23;0.47;1;65;5;0363 579A F207 47E0 43D0
1397317;Monumental river-house + backyard;7547999;Taco;Oud-Oost;52.35808;4.90687;Entire home/apt;622;3;48;2024-07-30;0.36;1;341;0;0363 7036 7392 AACF 2EA7
1402541;Room with canal view in windmill area + free bikes;7570689;Wilma;Oud-Oost;52.36462;4.92499;Private room;109;2;819;2025-08-23;5.56;1;131;64;0363 D1EA 59A6 4734 5F8A
1429701;Quiet Gem, lovely B&B in the Heart of Amsterdam;1610324;Ayla & Jake;Centrum-West;52.38598;4.89164;Entire home/apt;188;2;572;2025-08-26;3.88;1;261;71;0363 2E56 D098 5486 6005
1443515;Modern apartment incl. private rooftop terrace;7621004;Wouter;Oostelijk Havengebied - Indische Buurt;52.36381;4.93857;Entire home/apt;264;5;21;2023-10-05;0.14;1;102;0;0363 C1DA 41E1 C6AC B23E
1447217;Cozy & clean bedroom with free use of bikes;7767867;Martijn & Betina;Bos en Lommer;52.37591;4.8479;Private room;110;3;325;2025-08-25;2.24;1;50;17;0363 D931 EAD5 9DB2 0FF7
1453066;Cosy Apartment at Ams Eastside;7794998;Chee Yee;Oostelijk Havengebied - Indische Buurt;52.36218;4.94416;Entire home/apt;195;2;30;2020-07-12;0.21;1;47;0;0363 C388 AB72 A56A 4363
1454784;Cosy apartment Amsterdam, de pijp;6681879;Kalina;De Pijp - Rivierenbuurt;52.35229;4.89105;Entire home/apt;220;4;56;2025-04-05;0.42;1;26;3;0363 FFBA C860 992F 1083
1468473;Apartement with roof terrace;4355186;Nanne;Bos en Lommer;52.3776;4.85;Entire home/apt;196;3;143;2025-08-25;0.98;1;3;4;0363 328E EE2F 0052 DE5E
1482851;Great room with adjacent bathroom w;3877342;Nicole;Westerpark;52.37993;4.86879;Private room;165;2;148;2025-08-17;1.02;3;197;21;0363 96BE 3082 7DDB 9575
1484348;Bohemian apt with garden near RAI!;6126617;Wendy;De Pijp - Rivierenbuurt;52.34903;4.89508;Entire home/apt;212;5;77;2024-10-11;0.56;1;48;1;0363 4F0E AB2D 8846 4CEA
1505436;Large bright apt w. roofterrace;3671340;Fleur;De Baarsjes - Oud-West;52.36876;4.86759;Entire home/apt;400;7;38;2023-08-25;0.26;1;210;0;0363 E2BF 0DEA 5B8A 9353
1511360;Comfy, cosy garden apartment near Vondelpark;8071702;Anne;De Baarsjes - Oud-West;52.3603;4.86692;Entire home/apt;160;2;101;2025-07-20;0.72;1;85;9;0363 B3AB 7996 C5BE CEBA
1524993;Gezellig huis midden in De Jordaan;8136794;Yvonne;Centrum-West;52.37638;4.88217;Entire home/apt;225;2;104;2025-05-30;0.71;2;0;4;0363 A257 6CF1 7516 69A5
1534317;Room quiet neighborhood nr centre Amsterdam;3498674;Nadia;Geuzenveld - Slotermeer;52.38399;4.83583;Private room;82;4;374;2025-08-24;2.74;2;296;17;0363 E7AB 3034 7C9C 1348
1567891;Entire home with lovely garden;4380449;Johan;Zuid;52.34813;4.84794;Entire home/apt;162;3;95;2025-04-06;0.65;1;4;4;0363 0028 65CA 8FCA 23B3
1568669;Family house +  BIG garden in child friendly eara;7179295;Hester;Watergraafsmeer;52.34298;4.92477;Entire home/apt;174;2;45;2025-09-06;0.31;1;70;2;0363 555A 357B 1CA4 69DC
1580186;Houseboat on Prinsengracht Jordaan;8405599;Johan;Centrum-West;52.3798;4.88726;Entire home/apt;389;30;139;2024-11-02;0.96;1;7;2;0363 DEA1 EDEC 3406 1451
1601408;SUPERB LOFT NEAR CENTER WITH GARDEN ❤️;8534655;Ella;De Pijp - Rivierenbuurt;52.3552;4.89161;Entire home/apt;379;4;316;2025-06-23;2.18;1;251;20;Exempt
1610986;Cosy Loft in Amsterdam City Centre;8578849;Eva;Centrum-Oost;52.3649;4.88613;Entire home/apt;276;2;61;2025-06-23;0.42;1;236;8;0363 DAA2 2359 65EE DFBE
1630438;Cosy and quiet room near RAI;8664912;Janet;De Pijp - Rivierenbuurt;52.34292;4.89445;Private room;111;2;407;2025-08-23;2.81;1;164;29;0363 0371 CF78 0958 7FB3
1630603;Charming quite room with fast Wifi;1899420;Rosie;Zuid;52.34736;4.87546;Private room;79;1;596;2025-08-11;4.09;2;141;50;03636DA0823945F2FF59
1631878;2 floor penthouse in city center;8670477;C.;Zuid;52.36079;4.88298;Entire home/apt;475;6;73;2024-04-20;0.50;1;253;0;036305B99DAC2C857F36
1645571;Fantastic Area - Stunning Garden & Appartment;1011032;Abel;De Pijp - Rivierenbuurt;52.35217;4.895;Entire home/apt;446;2;28;2025-08-17;0.19;1;123;2;0363 D3E1 EBF3 718B E748
1677381;Exclusive Private Room Canalhouse I;8873574;Jillis & Cristina;Centrum-West;52.3798;4.89058;Private room;139;2;641;2025-08-22;4.40;1;21;73;0363 F257 B392 EA9C E494
1708637;BnBJaponica-Tiny apartment-private bathroom&toilet;6673155;Ellen;De Pijp - Rivierenbuurt;52.35428;4.90005;Private room;127;3;374;2025-08-22;2.70;1;314;34;0363 B045 CEA6 5CEE D2AF
1713147;spacious & beautiful FAMILY house;9035487;Sjouke Julia;De Pijp - Rivierenbuurt;52.33917;4.89633;Entire home/apt;303;7;23;2023-02-28;0.16;1;0;0;0363 2B55 CF33 42C9 AC00
1719227;B&B Hutspot , 1;9064219;Hans Govert;Oud-Noord;52.39718;4.91789;Private room;94;1;2;2025-06-09;0.41;1;220;2;Exempt
1731246;Unique apartment in Amsterdam;9121131;Bastiaan;De Pijp - Rivierenbuurt;52.35345;4.89037;Entire home/apt;553;2;48;2023-09-19;0.35;1;59;0;0363 F28A B2AF 8BD6 9A01
1733772;Houseboat in nature, 15 minutes from C. Station.;9133729;Henk;Oud-Noord;52.38772;4.93933;Entire home/apt;150;3;124;2025-08-25;0.86;1;160;3;0363 74D8 6201 CFDF 419F
1734564;Beautiful Stylish Apartment on Canal Citycentre;9136787;Cornelie;Centrum-West;52.37518;4.89041;Entire home/apt;220;3;75;2025-05-11;0.52;1;4;3;0363 266F B6EE E8BE 9E1F
1734745;Canal view house in City Center;9137400;Selcuk;De Baarsjes - Oud-West;52.36474;4.87517;Entire home/apt;270;3;8;2018-09-19;0.06;1;365;0;0363 1D72 E30D 8892 9A7C
1734769;Spacious 3 bedroom apartement.;9137568;Edwin;Geuzenveld - Slotermeer;52.37346;4.83449;Entire home/apt;400;3;63;2025-07-14;0.44;1;359;3;036323F628821072356D
1766570;Rembrandt van Rijn apartment canal view;9282300;Dutch Masters;Centrum-Oost;52.3643;4.88867;Entire home/apt;473;7;11;2025-05-28;0.15;9;324;6;0363 79DC B9E4 77B4 E498
1771760;B&B room green and bright!;2205770;Vibeke;Bos en Lommer;52.38278;4.85254;Private room;84;4;383;2025-08-16;2.65;1;19;39;0363 527A B1FA 9CC0 0A35
1786144;a room with a view in Amsterdam;620111;Minou;Centrum-Oost;52.37087;4.91014;Private room;137;2;317;2025-08-22;2.71;1;315;74;0363D66BC4693DCFF908
1792271;Spacious Apartment near Westerpark;4976553;Ivo;Westerpark;52.39051;4.87076;Entire home/apt;208;4;47;2025-05-15;0.32;1;177;3;0363 6CF9 6C58 8288 E182
1793971;NoorderPark;9412285;Ana;Oud-Noord;52.39285;4.92456;Entire home/apt;125;2;309;2025-09-01;2.23;1;202;58;0363 D1C4 D148 8809 2723
1797364;Modern and exclusive room with free PP and bikes;9426449;Gabriel;Slotervaart;52.35896;4.81951;Private room;113;2;458;2025-09-07;3.33;3;275;59;0363 66B3 2EA3 86CC 258C
1798944;Centre Ams - Welcome to your Home away from Home;8691762;Mart;Centrum-West;52.38778;4.88848;Private room;75;3;425;2025-09-09;3.15;1;260;53;0363 8511 7936 FDC3 CBF9
1812527;Spacious family home in Amsterdam (families only);4416629;Sarah;Watergraafsmeer;52.34825;4.93682;Entire home/apt;161;2;13;2019-08-14;0.09;1;0;0;03630B7C8476E7255ACC
1814121;Amsterdam windmill;9502480;Roel;Osdorp;52.36709;4.79332;Private room;130;2;988;2025-09-10;6.83;1;347;31;0363 9A2B 98EB C320 85D8
1825214;Beautiful two floor penthouse;7234260;Miguel;Westerpark;52.38922;4.88043;Entire home/apt;233;2;11;2025-05-25;0.37;1;316;5;0363 2E94 2C7E 4E1D A6CD
1830345;Luxury apt in central Amsterdam;3347747;Nick;Centrum-Oost;52.36255;4.88683;Entire home/apt;338;2;55;2024-12-25;0.39;2;6;1;0363 F185 30B9 E11F 3216
1831427;Nice top floor Appartment in Centre;7803724;Sten;Centrum-Oost;52.3692;4.92534;Entire home/apt;120;2;17;2025-06-15;0.13;1;2;3;0363 A767 161E 5261 C455
1859255;Elegant royal room with private bathroom and bikes;9426449;Gabriel;Slotervaart;52.35896;4.81951;Private room;113;2;483;2025-08-24;3.53;3;288;48;036366B32EA386CC258C
1886198;Colorful and spacious apartment in great area;517541;Anna;Oud-Oost;52.35977;4.90936;Entire home/apt;162;2;95;2025-07-26;0.68;1;60;3;0363 0513 46C8 4192 7BE8
1894944;Beautiful apartment in a prime location!;9846631;Jesse;De Pijp - Rivierenbuurt;52.35582;4.89172;Entire home/apt;540;3;52;2025-04-19;0.38;1;345;3;0363 89F7 3433 3B17 EA56
1901845;2 very clean, cozy and private Rooms for max.4 P.;9426449;Gabriel;Slotervaart;52.35896;4.81951;Private room;225;2;58;2025-04-14;0.42;3;271;4;036366B32EA386CC258C
1901877;Comfortable bedroom in 9 streets;9874890;Eduard;Centrum-West;52.37104;4.88724;Private room;162;3;476;2025-08-30;3.41;1;324;31;0363 4F70 EC1C 3A3A E4D8
1911182;Comfortable room - central + WIFI;7679262;Marijke;Oostelijk Havengebied - Indische Buurt;52.36373;4.93306;Private room;92;1;366;2025-08-15;2.62;1;314;12;0363 EA1D 91DF 6B00 366A
1912704;Luxury studio on the Herengracht;9920818;Hans;Centrum-West;52.36991;4.88717;Entire home/apt;252;3;102;2025-08-26;0.90;1;38;20;0363 BA68 C48B 0277 86B0
1914964;17th Century Monumental House with Garden;8982547;Martine;Centrum-West;52.38659;4.8895;Entire home/apt;540;300;28;2017-09-24;0.20;2;364;0;0363 7C32 C932 83D2 F5D8
1919184;canal-view flat (cozy minimalist style);9948828;Ian;De Baarsjes - Oud-West;52.36676;4.86285;Entire home/apt;256;4;86;2025-04-13;0.68;1;17;3;0363 02B3 8EBB 07FF 2A02
1927634;Space&privacy in the city! Fire place, big garden;9314105;Bauke;Oostelijk Havengebied - Indische Buurt;52.36807;4.93449;Entire home/apt;487;3;49;2025-07-31;0.36;1;9;6;0363 EBD7 F3AC ED84 B43E
1928474;NDSM Amsterdam North, for families;9988208;Erik;Noord-West;52.4069;4.90168;Entire home/apt;215;5;18;2025-08-03;0.14;1;2;2;0363 A153 4C5C 357B FF52
1937458;Beautiful design apt with ☀️ garden in lovely BoLo!;3632839;Ernestien;Bos en Lommer;52.38393;4.84977;Entire home/apt;169;2;11;2024-08-10;0.13;1;4;0;0363 14FC CF86 BA6F ED1B
1938510;Stay in Amsterdam like a local.;3576012;Sheryl;Oostelijk Havengebied - Indische Buurt;52.36407;4.94169;Entire home/apt;249;3;108;2025-08-03;0.78;1;95;4;0363 0CDE EC72 0655 C3A4
1957337;Amst (2-4p) - familyhouse for art & design lovers;10117243;Bob;Oud-Oost;52.35818;4.91959;Entire home/apt;275;6;9;2022-07-29;0.09;1;128;0;0363AB052F8AEC739983
1964479;Spacious apartment in vibrant neighbourhood;4651226;Maarten;Oud-Noord;52.38745;4.91972;Entire home/apt;405;3;7;2023-10-27;0.07;1;27;0;036335ADDF93C13BC4E8
1986478;Cosy appartment near vondelpark.;10247431;Kiki;Zuid;52.351593625824215;4.850583408148314;Entire home/apt;360;7;0;;;1;358;0;0363 1E66 CD3F 5C11 779A
2005996;Vondelhouse, guestroom 2;7261788;Wilbert;De Baarsjes - Oud-West;52.36137;4.8665;Private room;113;2;637;2025-09-10;4.62;1;325;38;0363 EBE6 3294 79F6 E33C
2016153;Central & spacious design loft in museum district;2740598;Florine;De Pijp - Rivierenbuurt;52.35808;4.89101;Entire home/apt;190;4;72;2020-02-22;0.51;1;234;0;0363 8092 E65F 5585 2CA7
2040981;Quiet One Bedroom apartment in the Jordaan;3887700;Sydney;Centrum-West;52.3712731;4.8793818;Entire home/apt;157;2;1;2025-06-03;0.30;2;30;1;0363 5610 DD18 95CE 2E19
2070211;Cosy ap. Amsterdam-Vondelpark only for families;10585553;Joost;Zuid;52.34976;4.84908;Entire home/apt;315;3;146;2025-08-31;1.03;1;4;4;036343180D5713FE9299
2097548;Lovely quiet fam house & garden,10 min from centre;3188453;Mark;Noord-West;52.40325;4.91954;Entire home/apt;152;4;38;2025-08-10;0.27;1;151;4;036362AB416FEDAE3E27
2144304;Hudge house close to Vondelpark;10945068;Lodewijk & Esther;Zuid;52.35289;4.87731;Entire home/apt;580;3;37;2025-08-08;0.30;1;9;8;0363 2529 B8A2 B7F6 D3EA
2148417;Nice apartment near City Center;10965305;Roos;De Baarsjes - Oud-West;52.37429;4.86268;Entire home/apt;302;3;97;2025-04-19;0.77;1;263;3;0363 738D D17C 3517 E38A
2175600;Lovely loft next to the Vondelpark;6630741;Marie-Sophie;Zuid;52.35469;4.85663;Entire home/apt;245;1;125;2025-06-23;0.91;1;278;6;0363 593F 238D 5632 9CFC
2224903;Sunny family app w garden, n center;11353909;Lot;Oud-Oost;52.35639;4.91596;Entire home/apt;254;4;30;2024-08-02;0.22;1;282;0;0363BE415AA5CCF7376D
2235666;Lovely family friendly bohemian apartment;11413756;Christian;Oud-Noord;52.39333;4.91358;Entire home/apt;181;2;108;2025-06-23;0.78;1;316;7;0363 4290 A7C6 DB11 91D8
2272303;Cosy apartment in De  Pijp bed and breakfast;11601106;Sonja;De Pijp - Rivierenbuurt;52.3544;4.8997;Entire home/apt;343;2;105;2025-06-02;0.80;1;350;9;0363 B237 EBC9 0EFD 1A94
2345576;Canal Villa Apartment + Roofgarden;4659585;Valerie;Centrum-Oost;52.36452;4.90949;Entire home/apt;929;2;84;2025-08-23;0.60;1;79;7;0363 11CA 89BE 0241 F248
2368869;Private Houseboat~City Center;7907666;Mijs;Centrum-West;52.38428;4.88636;Entire home/apt;363;3;51;2025-08-15;0.37;1;2;5;0363 03CC 2B58 C3AD A761
2389053;Appartement dicht bij het water;12203902;Judith;Oud-Noord;52.39511;4.89942;Entire home/apt;119;1;2;2025-09-07;2;1;20;2;0363 A4E3 F61D 3B51 C6E2
2400486;Nice appartment in Amsterdam;5615186;Ana;Slotervaart;52.35646;4.83178;Entire home/apt;130;4;59;2024-07-18;0.43;1;0;0;03636CF7BD6C1005B068
2429334;Studio MAZZO, Canal Apartment;10015905;Michiel;Centrum-West;52.37853409690304;4.890076680583565;Private room;167;2;574;2025-08-29;4.10;1;298;42;0363C023681933620782
2435572;top location Amsterdam 2 persons room centre;12448020;Maria;Centrum-West;52.380775;4.888254;Private room;123;2;451;2025-08-31;3.24;1;224;36;0363 C70B 9043 07E5 E28E
2471617;Charming Canal house City Centre 4p;6331314;Karin & Douwe;Centrum-Oost;52.37318;4.90564;Entire home/apt;198;3;821;2025-09-06;5.91;1;61;90;0363 8F1D 9864 0E21 154C
1325267216974796158;Modern 3-Room Apartment w/Garden in City Center;198405490;Suzanne;De Pijp - Rivierenbuurt;52.35484;4.88908;Entire home/apt;216;28;0;;;18;228;0;0363 410E 973B 7C0A E35B
1325934463429806239;Spacious Apartment in Iconic Jordaan Neighborhood;20677143;Pieter;Westerpark;52.37577;4.87323;Entire home/apt;531;3;5;2025-07-29;1.03;1;358;5;0363 3A35 D391 2DE3 2FC5
1326643000766027489;Cozy apartment in de Pijp;104159335;Tijn;De Pijp - Rivierenbuurt;52.35449;4.88787;Entire home/apt;405;2;0;;;1;358;0;0363 32BC 79C6 B7AB CF7D
1326676712638417117;Charming apartment with Balcony;79548986;Bas;Oostelijk Havengebied - Indische Buurt;52.36459;4.94042;Entire home/apt;144;5;3;2025-08-22;0.52;1;184;3;03636C645A2254B47BD8
1326728549885969520;Quiet Paradise over Red Light district;356187579;Matvey;Centrum-West;52.3724;4.89799;Entire home/apt;448;1;5;2025-09-03;3.33;1;54;5;0363 67BA 9635 805D 4B27
1326737553127611170;Peaceful waterfront home near vibrant area;449840706;Lea;Oud-Noord;52.39457;4.89965;Entire home/apt;457;3;0;;;1;104;0;0363 B0C0 4986 0EAF 0CB2
1326818778846960679;Stylish Apartment near Vondelpark and city centre!;403200344;Daniel;Zuid;52.35697400338022;4.851219496170235;Entire home/apt;189;6;3;2025-07-27;0.93;1;22;3;0363 FD51 5029 852C C14C
1326880126386665767;Katy’s Cosy Oud-West Home;54160128;Katy;De Baarsjes - Oud-West;52.36739;4.8604;Entire home/apt;149;3;2;2025-09-08;0.28;1;8;2;0363 0B90 45C8 2BE7 9695
1326945037477241012;Cosy house in Jordaan, Amsterdam;103638409;Rixt;De Baarsjes - Oud-West;52.37254;4.87362;Entire home/apt;214;1;2;2025-05-26;0.48;1;251;2;0363 6AAA DA7D B4B3 3BF0
1327326533797432926;Cosy appartement in de Pijp (Close to RAI);670688364;Benjamin;De Pijp - Rivierenbuurt;52.3507828;4.889522299999999;Entire home/apt;365;3;1;2025-07-06;0.44;1;334;1;0363 F444 15E2 BB26 AA5D
1327477805632892291;Cosy waterside apartment in West;19156719;Okke;De Baarsjes - Oud-West;52.3705;4.86509;Entire home/apt;151;13;5;2025-07-21;1.04;1;79;5;0363 5A1F C099 DE24 8C0C
1327544569233007663;Gezellig appartement in De Pijp;18051010;Sander;De Pijp - Rivierenbuurt;52.35177;4.89424;Entire home/apt;193;2;2;2025-08-01;0.42;1;88;2;0363 43CD 9010 E10F 83D7
1327654274328907927;Private stay for 2p near center;398108188;Merel;Oud-Oost;52.3567018;4.909183;Entire home/apt;300;3;2;2025-06-11;0.49;1;134;2;03632410147AD983DC74
1328067189895837905;Lovely Canal View - Cozy;671126214;Beyhan;Slotervaart;52.35293;4.82268;Private room;82;1;2;2025-06-29;0.74;1;135;2;0363 986F 408F 1C7A 309E
1328232094797076732;Familiehuis in de Jordaan;668521570;Diederick;Centrum-West;52.37995;4.88538;Entire home/apt;256;2;2;2025-06-10;0.29;1;115;2;0363 F21C DEC9 B7CF 6B55
1328438035111526818;MiCasa Amsterdam West;33219180;Nuraan;Osdorp;52.35322;4.79652;Entire home/apt;165;3;0;;;1;73;0;0363 2C4C 9446 3E8B A5DB
1328796516657648239;Spacious Room  with private king bathroom;287313714;Oscar;De Baarsjes - Oud-West;52.36237;4.87609;Private room;118;2;8;2025-07-27;1.39;1;235;8;0363 556C E514 4EF5 98F5
1329014944164431414;Nice Private Room for 6 Persons.;502914333;Akhmad;Oud-Noord;52.38554;4.9234;Private room;110;1;1;2025-02-24;0.15;4;13;1;036366EF20D743B61576
1329023480286069949;Nice Private Room For 6 Persons,;502914333;Akhmad;Oud-Noord;52.38549;4.92332;Private room;107;1;1;2025-05-01;0.22;4;9;1;036366EF20D743B61576
1329052867796741973;Appartement met tuin Amsterdam;76068765;Chris;Zuid;52.34706;4.84749;Entire home/apt;227;2;0;;;1;132;0;0363 BA09 80B1 F2F7 AC0A
1329119653828753616;Modern apartment near Museum Plein;568285603;Josephine;De Baarsjes - Oud-West;52.360950079995;4.870483333438927;Entire home/apt;250;2;1;2025-08-20;1;1;340;1;0363 9D3D 7474 5191 F2C6
1329668455459287330;"""Nok Room""";404302528;Karel;Noord-Oost;52.38864;4.96146;Private room;115;2;0;;;2;12;0;0363 D29A E302 2D6C DA44
1329724780433434985;Aparthotel North, Cozy Studio With Patio For 2;561156498;Elias;Oud-Noord;52.3988001;4.9055985;Entire home/apt;121;1;2;2025-07-28;1.00;3;295;2;0363 2350 B588 E0F3 BAA5
1329855552299175446;Gezinswoning Nieuw-West;8064756;Sam;Osdorp;52.35596519527955;4.816886329072403;Entire home/apt;208;2;5;2025-08-14;1.04;1;8;5;0363 9454 C189 700E AEA0
1330316285470133845;Pretty apartment in Amsterdam;231771803;Sjoerd;De Baarsjes - Oud-West;52.36406;4.86046;Entire home/apt;158;3;1;2025-09-08;1;1;10;1;0363 CB10 609D 5790 A976
1330378595004077843;Modern, chic, bright apartment;32706733;Andrew;Oostelijk Havengebied - Indische Buurt;52.36349;4.93862;Entire home/apt;174;1;4;2025-07-20;0.83;1;45;4;0363 FEE5 A0BC C707 0F62
1330543293487307896;Lovely family home;32244075;Caroline Madelijn;De Pijp - Rivierenbuurt;52.3457764;4.8925999;Entire home/apt;225;4;0;;;1;38;0;0363 1630 865F D3A0 232F
1330874110393054230;Spacious family home Amsterdam;27638169;Lotte;Oostelijk Havengebied - Indische Buurt;52.36911689999999;4.9504663;Entire home/apt;476;3;0;;;1;21;0;0363 690C B055 FEFD 1747
1330972379649703022;Luxury Familie Appartement, knus Amsterdams huis;153002608;Justian;Watergraafsmeer;52.35437939791605;4.9347372600160755;Entire home/apt;319;2;2;2025-06-16;0.63;1;338;2;0363 BFBD AA82 B622 3835
1331864196068772152;3 bedroom family house - garden - free parking;382064;Martin A;Noord-West;52.4086347;4.9017564;Entire home/apt;171;3;2;2025-08-17;1.76;1;21;2;0363 DE7A 4B45 4414 145A
1331950727406507407;Luxurious Apartment in De Pijp;88314415;Mitchel;De Pijp - Rivierenbuurt;52.35669799999999;4.8966987;Entire home/apt;190;3;0;;;1;146;0;0363 D30B 5C0B AB85 5917
1332425038451258873;Spacious ground floor apartment;23702951;Claire;De Baarsjes - Oud-West;52.37253;4.85301;Entire home/apt;160;4;2;2025-08-23;0.34;2;10;2;0363 E6EF F607 4C0C E775
1332504415003457787;Luxe grachtzicht appartement;34905816;Mexime;De Baarsjes - Oud-West;52.363874155161305;4.878136402865628;Entire home/apt;207;3;3;2025-09-06;0.54;1;5;3;0363 C341 2729 D6A3 7D49
1332675714941315192;Serene Stay to Cook & Explore;2491388;Jennifer;Bos en Lommer;52.37732623455401;4.852708540856838;Entire home/apt;232;2;3;2025-04-21;0.50;1;29;3;0363 EC54 80FA B800 0CEC
1332684320590120425;NEW - Appartement cosy hyper centre;442743813;Agathe Martine Suzanne;Centrum-West;52.3776;4.87853;Entire home/apt;233;2;3;2025-08-03;0.62;1;26;3;0363 D77B F2D3 8F83 6BBF
1334110595595491013;Charming  2-floor Retreat;576071459;Hedwig;De Baarsjes - Oud-West;52.36712377966393;4.866310706396923;Entire home/apt;320;1;1;2025-03-22;0.17;3;365;1;0363 29DA 9893 0B73 3070
1334550430821559383;Luxe appartement in het hart van de Pijp;17928420;Stein;De Pijp - Rivierenbuurt;52.3514984463468;4.893451323147856;Entire home/apt;186;1;4;2025-07-17;0.77;1;86;4;036303FC918EF6C36F22
1334595573036914032;Rembrandt Park Apartment;673099763;Elizabeth;De Baarsjes - Oud-West;52.36753479999999;4.850597899999999;Entire home/apt;315;1;6;2025-09-02;1.13;1;243;6;0363 A96A 2C42 F411 5DD5
1334659460202099025;1 bedroom apartment next to Vondelpark;156764175;Guus;De Baarsjes - Oud-West;52.36194;4.86652;Entire home/apt;236;1;0;;;1;253;0;0363 5002 EFB3 270F F206
1334677225813688372;Stylish Canal Apartment - Centre;17211323;Nicole;Centrum-Oost;52.35820787191875;4.896802015344237;Entire home/apt;338;2;4;2025-08-21;0.58;1;15;4;0363 42E4 D66F 0353 2C38
1335373168995561566;Gezellig Appartement in Amsterdam-Noord;449493148;Tunahan;Noord-Oost;52.39109963768266;4.952648143368731;Entire home/apt;207;1;0;;;1;356;0;0363 1270 6247 931a 752a
1335602329487245284;Newly renovated appartement Vondelpark;124001171;Ellen;Zuid;52.357598090989974;4.853810153286052;Entire home/apt;267;1;3;2025-09-04;0.69;1;335;3;0363 4C45 F5CD 56BA F1A3
1336040522275197601;Heerlijk licht comfortabel appartement;44142360;Tes;Watergraafsmeer;52.340982799905404;4.921428708984931;Entire home/apt;140;5;1;2025-03-11;0.16;1;163;1;0363 2290 25DC 144B 16ED
1336056606305776278;Beautiful apartment Oud-West;42858004;Julian;De Baarsjes - Oud-West;52.3669861;4.87266;Entire home/apt;173;5;2;2025-09-03;0.79;1;11;2;0363 07B0 30D4 F18A 14C0
1336095621633906167;Sfeervolle kindvriendelijke woning Amsterdam Zuid;49858484;Anne;Buitenveldert - Zuidas;52.33135;4.88328;Entire home/apt;235;4;0;;;1;22;0;0363 8D16 719C AD09 1934
1336372252946318366;Luxurious stay in the Heart of Amsterdam;23815906;Eleonora;De Pijp - Rivierenbuurt;52.35276853223167;4.888846160013627;Entire home/apt;344;1;2;2025-08-30;0.54;1;356;2;036302DC0A50A5E48A8A
1337178988523097682;Luxe Appartement in De Pijp;175479515;Annet;De Pijp - Rivierenbuurt;52.35485513184497;4.902457059320994;Entire home/apt;244;2;6;2025-08-26;2.73;1;45;6;0363 9170 7658 9168 9A44
1337561394447409588;Modern appartement met dakterras;59958793;Sanne;Watergraafsmeer;52.34869638764841;4.93924830895034;Entire home/apt;413;1;1;2025-04-15;0.20;1;353;1;0363940E0AAE71FA6DA9
1337857861731428023;Stijlvol appartement aan het Vondelpark;395806760;Joyce;De Baarsjes - Oud-West;52.35922275970454;4.859674000437349;Entire home/apt;252;1;0;;;1;165;0;0363 22A1 568B 8672 0D62
1338981736290277537;Central and Calm Appartment;358245759;Luca;De Baarsjes - Oud-West;52.37065;4.86076;Entire home/apt;198;5;0;;;1;88;0;0363 7DFB 1E5D B69F CE25
1339257246981608805;Modern apartment - perfectly located!;20924288;Nanda;Oostelijk Havengebied - Indische Buurt;52.3632835627983;4.938270245977115;Entire home/apt;180;2;5;2025-08-18;0.78;1;11;5;0363973B47E654C7BA83
1339701000308232065;Cozy centrally located apartment;3423288;Ingeborg;Westerpark;52.38003747223786;4.869719767548367;Entire home/apt;220;2;5;2025-08-27;0.99;1;39;5;0363 5E44 0296 9BE4 5CE6
1339864124837650519;Charming Oud-West Retreat;17295684;Angel Alberto;De Baarsjes - Oud-West;52.36769345713258;4.876145523709795;Entire home/apt;235;1;1;2025-02-07;0.14;1;232;1;0363 064F 3970 7076 C4EB
1339947852456641324;Moderne retro benedenwoning met zonnige tuin;221413806;Richard;Bos en Lommer;52.38402995544416;4.851784855127335;Entire home/apt;131;3;6;2025-08-24;1.04;1;2;6;0363 ED35 A496 5BC9 6257
1339997575008053898;Bright, canalside apartment w. leafy roof terrace;7793478;Ellie;De Baarsjes - Oud-West;52.37271740832863;4.85547646358232;Entire home/apt;188;3;0;;;1;231;0;0363 FB15 EFB1 B8B3 F0AD
1340465079332937128;Cozy 2-person apartment next to park;331355458;Max;De Baarsjes - Oud-West;52.36376;4.85242;Entire home/apt;152;1;0;;;1;197;0;
1340530302967372609;Modern Apartment In The Pijp;34897177;Thomas;De Pijp - Rivierenbuurt;52.35499;4.89375;Entire home/apt;247;2;5;2025-08-05;0.97;1;344;5;036391737D953944D600
1341496275400882596;Stijlvol verblijf Vondelpark;22122492;Sem;Zuid;52.35399;4.85821;Entire home/apt;292;3;1;2025-07-06;0.44;1;122;1;0363 9CD8 0315 2A48 E172
1342156243851073867;Moderne, ruime familie woning in A’dam oost;13782476;Rianne;IJburg - Zeeburgereiland;52.36222561203698;4.9802655034696395;Entire home/apt;300;4;3;2025-08-10;0.63;1;4;3;0363A324FBA0503B086E
1342533228849403389;Luxurious 3- story penthouse in Amsterdam zuid;268082245;Chris;Zuid;52.356718849360966;4.851426828408784;Entire home/apt;710;3;1;2025-04-11;0.19;1;121;1;0363 FA44 CAFA 25F0 EBBD
1342558991005427061;Appartement aan de gracht;49699338;Laurien;De Baarsjes - Oud-West;52.36985485389756;4.857568033039569;Entire home/apt;180;2;1;2025-04-21;0.21;1;341;1;0363 8639 694E C1DD 73EB
1342725593084397320;Urban and spacious apartment at Vondelpark;260247104;Christine;Zuid;52.35512929999999;4.855019899999999;Entire home/apt;275;3;1;2025-08-27;1;1;349;1;0363 1146 9BA7 0E08 8817
1342763764052603035;Charming Amsterdam apartment;3149685;Evan;Noord-West;52.405496700295146;4.917089085368717;Entire home/apt;248;6;1;2025-04-08;0.19;1;227;1;0363 3B3E 9B1C 11B4 BAE5
1342845504675158473;Spacious ground floor city apartment w/garden;72819784;Matthijs;De Pijp - Rivierenbuurt;52.34171;4.89757;Entire home/apt;278;5;3;2025-06-23;0.55;1;138;3;0363 2BCF C69B FBA0 9EB9
1343438470685813453;lofty apartment with garden;2713572;Remco;Watergraafsmeer;52.35442;4.93723;Entire home/apt;207;3;0;;;1;225;0;0363 272E 291D 33E8 B324
1343479195939302044;Appartement is Amsterdam-Oost;30258144;Akkeroos;Oostelijk Havengebied - Indische Buurt;52.3660149;4.944334599999999;Entire home/apt;300;3;6;2025-06-22;1.25;1;322;6;0363 84FF E666 7948 7879
1344238029180061094;Bright @ Cozy 1BR Apartment near Vondelpark;77784772;Rogier;De Baarsjes - Oud-West;52.3597149;4.8595765;Entire home/apt;226;3;3;2025-08-03;0.65;1;24;3;0363 5642 5138 E8E3 8D6D
1344913140031633405;Familiehuis met kat in Amsterdam bij strand;12636416;Rolinda Esther;IJburg - Zeeburgereiland;52.3490113;5.0117253;Entire home/apt;250;6;0;;;1;204;0;0363 E64B 0332 2C08 6643
1344920186166017998;Cozy Apartment in Prime Location;65455545;Claire;De Baarsjes - Oud-West;52.3675178;4.8753344;Entire home/apt;250;3;5;2025-05-24;0.72;1;72;5;0363 24B4 E76B 0C7C FFA1
1345531114312619355;Room in the heart of A'dam East;560847464;Branislav;Oostelijk Havengebied - Indische Buurt;52.3653252;4.9364962;Private room;62;1;20;2025-08-03;3.95;5;72;20;Exempt
1345669215101017111;Cozy Family Room in the Oosterpark;675833029;Hotel Arena;Oud-Oost;52.360952831146996;4.916062473541252;Private room;379;1;2;2025-05-11;0.40;4;357;2;Exempt
1345694257490085904;Authentic Amsterdam's house;18057900;Roëlle;De Baarsjes - Oud-West;52.36482179999999;4.876172899999999;Entire home/apt;333;2;5;2025-04-26;0.91;1;9;5;0363 C2B2 6CD1 3E97 8F75
1346001494246021531;A bright & spacious apartment, centrally located;676152391;Alexander;De Baarsjes - Oud-West;52.36814722805819;4.86664105767213;Entire home/apt;280;2;3;2025-06-01;0.74;1;56;3;0363 0605 1A95 FA73 B86B
1346299772747671425;Spacious apartment  3 Bedroom/2.5Bath in Center;1297282;Monika;De Pijp - Rivierenbuurt;52.35592;4.89184;Entire home/apt;960;1;7;2025-07-22;1.28;1;357;7;0363 7167 31C1 1709 C9B3
1346406923685505413;Sunny & peaceful appartment near Vondelpark;14671199;Bobbie;Zuid;52.35216303798067;4.850786208936387;Entire home/apt;222;2;1;2025-08-23;1;1;356;1;0363 5EFF 6074 77A6 7846
1346919133107271687;Renovated Room w/ Ensuite Bathroom;349168516;Denzel;Bos en Lommer;52.37722001363782;4.838413292065411;Private room;90;4;15;2025-08-28;2.39;1;54;15;0363 6011 EBD7 1078 A25E
1346997368341319076;Live local in spacious apt, amazing canal view;13103596;Danielle;Centrum-West;52.37013;4.88756;Entire home/apt;160;3;5;2025-07-27;0.71;1;3;5;0363 617F 1258 30B9 5887
1347125228773843905;Elegant appartement in de Pijp;572783427;Oscar;De Pijp - Rivierenbuurt;52.35171;4.90535;Entire home/apt;182;2;3;2025-08-30;0.58;1;229;3;0363 BFA3 76AC EAC3 50B7
1347679215604246315;Ruime woning met heerlijke tuin (gratis parkeren);38685290;Bas;Noord-West;52.4189511;4.899827699999999;Entire home/apt;250;4;1;2025-05-01;0.22;1;253;1;0363 266A 60BD 45E5 CAAE
1348403909327652323;300sqm Luxury Townhouse with sunny garden;478570080;Tale;Watergraafsmeer;52.3554389;4.9299936;Entire home/apt;1081;3;0;;;1;76;0;0363 4866 B0DE 2A91 0537
1348544683659088035;The perfect city appartement. Private garden!;61763951;Cecilia;De Pijp - Rivierenbuurt;52.35195;4.90094;Entire home/apt;139;3;6;2025-05-19;0.87;1;68;6;0363 A8AB CD91 1F04 E50D
1348638952733383376;Cozy Apartment in the Amsterdam;417767307;Kaan;Westerpark;52.390411160761325;4.877653288690058;Entire home/apt;158;15;0;;;1;362;0;0363 C1C3 5CE9 4813 768B
1348646076492603202;Bellamy suites;545233104;Laura;De Baarsjes - Oud-West;52.36862;4.86573;Private room;130;2;2;2025-03-23;0.33;1;64;2;0363B0A88511003353ed
1349318382322642667;Bright & Spacious Apartment;80910939;Bart-Jan;Bos en Lommer;52.3777963;4.850640299999999;Entire home/apt;191;3;0;;;1;328;0;0363 80A3 3713 1FB1 17E9
1350527828604790087;Private room for 3 in shared app;139075883;Woen Yi Jira;De Baarsjes - Oud-West;52.371907498931165;4.852433904217809;Private room;62;3;14;2025-08-13;1.99;4;355;14;0363 12AC 1899 037D 12A1
1350581533714967664;Cute private room for 1 person;139075883;Woen Yi Jira;De Baarsjes - Oud-West;52.37189520175068;4.854469403977683;Private room;56;2;24;2025-08-23;3.35;4;339;24;0363 12AC 1899 037D 12A1
1350627352462915390;Stylish Apt. in Amsterdam Noord;3474040;Priscila;Noord-Oost;52.39976;4.9363;Entire home/apt;121;5;0;;;1;285;0;0363 A125 7ECD 6A2A E142
1350861956424686197;Bright, Spacious 2 bed + kids room by the Amstel;18494271;Nicholas;De Pijp - Rivierenbuurt;52.347475886456984;4.909103583207609;Entire home/apt;284;1;1;2025-05-29;0.28;1;35;1;0363 FDEA 9907 218A 0852
1351281908273366735;Appartement aan de grachten;42571071;Thijs;Centrum-West;52.370813162656376;4.886237809374632;Entire home/apt;680;2;10;2025-07-19;1.51;1;157;10;0363 281C F39F AFE2 4074
1351402530805778017;Lakeside Oasis Amsterdam;82902295;Rutger Adriaan;Geuzenveld - Slotermeer;52.37118;4.82994;Entire home/apt;171;3;4;2025-08-09;0.83;1;2;4;0363 72A6 68A1 D83C 1AFD
1351960029596168210;Comfortabele stijlvolle woonboot met grote tuin;2452692;Monique;Noord-West;52.40605;4.90403;Entire home/apt;375;2;4;2025-06-15;0.97;1;10;4;0363 D2DF 9840 B747 BE1B
1352076430725072686;4 Room Centre Residence;677634683;Adrien;De Baarsjes - Oud-West;52.36257246181526;4.872750673831102;Entire home/apt;216;1;3;2025-08-25;0.53;1;32;3;0363 D5D8 E85B 3CDC 67A8
1352397286757200600;"Sunlit City Stay
Amsterdam-West";102898077;Dide;De Baarsjes - Oud-West;52.372701785991914;4.8630742728710175;Entire home/apt;380;3;4;2025-07-15;0.92;1;354;4;0363 D39B 4364 F5CF 7A63
1352836873260126387;Stylish apt +roof terrace/fireplace by Vondelpark!;674707880;Joshua;De Baarsjes - Oud-West;52.36038159124158;4.8602113559180085;Entire home/apt;250;4;6;2025-09-03;1.04;1;337;6;0363 1511 300C C0D8 5369
1353200121618837641;Stylish house in Amsterdam!;533297776;Juan;Centrum-West;52.37505;4.87911;Entire home/apt;415;1;9;2025-08-21;1.81;2;273;9;0363 2FFC 3EB6 7250 32FB
1353628656688752238;Ruime woning in hartje Amsterdam;262581388;Bob;Centrum-Oost;52.369702572765064;4.908399441536432;Entire home/apt;405;1;7;2025-05-04;1.04;1;253;7;0363 E387 015D 7EF8 7720
1354145780777370339;Spacious Luxury & Design city center apt.;39110511;Mike;Centrum-West;52.37139438231802;4.889091133979834;Entire home/apt;375;1;0;;;35;32;0;0363 B6B6 D9D8 0643 1244
1354296445335403893;Mooi appartement aan de gracht;17436619;Sophie;De Baarsjes - Oud-West;52.36216;4.857;Entire home/apt;171;4;2;2025-07-19;0.51;1;155;2;0363 C838 6451 03DB 5F87
1354353557512460538;Spacious apartement near Vondelpark & Leidseplein;24027853;Jelle;De Baarsjes - Oud-West;52.36388;4.87529;Entire home/apt;360;3;5;2025-08-16;0.80;1;50;5;0363 5314 6AF0 F878 FEBA
1354358390126235372;Luxe appartement in de pijp, vlakbij de Rai.;3548142;Garen;De Pijp - Rivierenbuurt;52.34956;4.88978;Entire home/apt;295;1;5;2025-05-03;0.87;1;358;5;0363 98E9 3C63 8848 90C4
1354529510269434340;Great view in charming room;19885989;Wen Ling;Centrum-West;52.36798;4.89123;Private room;187;3;24;2025-09-08;4.02;2;0;24;0363 9589 7E1A 5D7E 2568
1355055354927657205;3 BR. Apt. with spacious bathroom;39110511;Mike;Oud-Oost;52.35268710496966;4.919785130309865;Entire home/apt;307;1;0;;;35;20;0;0363 8394 0507 2E65 FFAD
1355158720228387952;Warm stylish apartment near NDSM;28043391;Mees;Oud-Noord;52.40286674873538;4.887780857672124;Entire home/apt;194;2;3;2025-05-03;0.60;1;183;3;0363 7DD5 E43F 0DD9 261F
1355708766011321856;Lovely ground floor apartment with sunny garden;94842931;Laurel;De Baarsjes - Oud-West;52.36175;4.85361;Entire home/apt;179;3;3;2025-05-28;0.63;4;22;3;0363 B950 4217 62D0 7119
1355922381601296760;Dutch Double XL Apartment;495838645;Giuseppe;Centrum-West;52.37433645826625;4.900231003571456;Entire home/apt;1142;2;4;2025-08-18;0.72;10;279;4;Exempt
1356305250775097033;Perfect for families!;132083261;Roi;De Pijp - Rivierenbuurt;52.35568795354982;4.891585799118031;Entire home/apt;299;2;2;2025-07-13;0.72;1;222;2;0363 CB7E CAF4 D9FF 268F
1356465197219223236;Private Flat in Amsterdam West;68386568;Gervasio;De Baarsjes - Oud-West;52.37058524458523;4.8637584925285395;Entire home/apt;247;3;3;2025-05-04;0.59;2;56;3;0363 DF6F 0D67 193D 0225
1356509629168385961;Charming Stay De Pijp at Centrum;678807678;Achmad;De Pijp - Rivierenbuurt;52.35735;4.89734;Entire home/apt;485;1;29;2025-08-31;4.94;1;338;29;0363 033B 7FC4 5C3A DB9F
1357419729644785249;Geheel appartement naast Jordaan;49926649;Leon;Westerpark;52.37906582587681;4.874576520619619;Entire home/apt;158;3;7;2025-08-03;1.13;1;21;7;0363 5FD4 ACD7 AE0E 0F31
1357950508969009864;Stijlvol appartement in de stad.;329622417;Jip;De Baarsjes - Oud-West;52.36904843337516;4.856081833840931;Entire home/apt;277;2;0;;;1;365;0;0363 6B6E 83C1 BA10 CA8D
1357974785344683658;Sunny and modern home Amsterdam;83377083;Mia;De Pijp - Rivierenbuurt;52.3430414;4.9126539;Entire home/apt;270;2;6;2025-08-04;1.15;1;334;6;0363 2228 0A30 C02A 67C0
1358119536738923582;Lovely apartment Amsterdam;21096202;Merel;Zuid;52.348368;4.849678;Entire home/apt;297;2;0;;;1;354;0;0363 594B 9C18 4ED8 4C01
1358583616772366136;Prachtige woonboot op de gracht;78305851;Frederiek;Centrum-Oost;52.36394892706092;4.899679184655756;Entire home/apt;270;3;0;;;1;119;0;0363 80A2 0E14 B4BC 6D13
1358836870345338676;Apartment Amsterdam Westerpark;679410297;Sifra;Westerpark;52.38076;4.87279;Entire home/apt;153;5;2;2025-07-18;0.53;1;194;2;0363 E275 AD00 EA88 9209
1359128756971051660;Nieuw gerenoveerde oase;2814596;Duco;Centrum-West;52.37069;4.87552;Entire home/apt;316;2;5;2025-07-31;0.87;1;10;5;0363 749C 88E4 ADAD AFFB
1359208971561567278;Appartement Amsterdam-West;137709844;Esmeralda;De Baarsjes - Oud-West;52.36669314492553;4.8501662004402695;Entire home/apt;187;2;0;;;1;355;0;
1359423692623086363;Apartment Rembrand at Centrum;679561443;Achmad;Westerpark;52.39011035170954;4.88472984128772;Entire home/apt;217;2;33;2025-09-04;6.92;1;328;33;0363 033B 7FC4 5C3A DB9F
1359428967893043040;Apartment Vermeer at Centrum;679563309;Achmad;Westerpark;52.38885;4.88671;Entire home/apt;246;2;16;2025-09-02;3.08;1;310;16;0363033B7FC45C3ADB9f
1359432976942088097;Apartment Van Gogh at Centrum;679564750;Dennis;Westerpark;52.38857223781963;4.886525946665374;Entire home/apt;214;2;24;2025-09-07;7.58;1;305;24;0363033B7FC45C3ADB9f
1359435745888609154;Rooftop Apartment Mondriaan at Centrum;679565693;Dennis;Westerpark;52.38857;4.88656;Entire home/apt;319;2;34;2025-09-01;6.58;1;335;34;0363033B7FC45C3ADB9f
1359533450085196219;Mooiste woning van Amsterdam;264702986;Thibaud;Zuid;52.3526801;4.8603821;Private room;320;1;0;;;1;365;0;0363 CDEE 1369 15F1 38F9
1359572473993225645;Triple room with canal view and shared bathroom;354532008;Chie-Hong;Centrum-West;52.3661463;4.8819003;Private room;132;1;2;2025-09-10;2;5;83;2;Exempt
1359587593773808845;Entire guest suite in Amsterdam;13346141;Stefan Norbert;De Pijp - Rivierenbuurt;52.34231655779474;4.909447149310013;Entire home/apt;171;3;0;;;1;10;0;0363 AF6E BE28 25D9 204D
1360195973436941902;Hidden gem on the river;47683286;Antje;Zuid;52.34767;4.84975;Private room;125;2;5;2025-05-11;0.91;1;72;5;0363 CB9F EC2B 3CC9 78B9
1360756327166453689;Bright & Spacious Loft studio with cityview;39110511;Mike;Bos en Lommer;52.37658;4.84518;Entire home/apt;175;1;2;2025-07-31;0.71;35;101;2;0363 6171 7F6B B74F 3BBB
1360787968218439510;Best Located 2 BR. Studio with private balcony;39110511;Mike;Centrum-West;52.37838;4.89593;Entire home/apt;304;1;4;2025-04-16;0.63;35;79;4;0363 6171 7F6B B74F 3BBB
1360906226335802173;Spacious apartment - Vondelpark;83057204;Dries;Zuid;52.35674;4.85314;Entire home/apt;213;2;3;2025-08-15;0.62;1;348;3;0363 8EFA 922C 724B 9FB2
1360995378855634706;Crown Double Room (Street view);679802597;Angelo;Centrum-West;52.3763482023799;4.890773725145413;Private room;264;2;6;2025-06-09;0.96;2;194;6;0363 D5C2 E878 82D7 F1CF
1361009122155520004;House in the center of de Jordaan;80203094;Max;Centrum-West;52.37974;4.88716;Entire home/apt;285;2;1;2025-07-27;0.64;1;288;1;0363 1E95 47F0 1456 55FC
1361020325977244839;Crown Deluxe Room (no street view);679802597;Angelo;Centrum-West;52.3756892;4.8915523;Private room;329;1;4;2025-07-23;0.70;2;203;4;0363 D5C2 E878 82D7 F1CF
1361391062998732272;Very tiny room shared apartment;225780606;Stef;De Baarsjes - Oud-West;52.37213;4.85403;Private room;62;1;12;2025-08-10;1.88;2;355;12;0363DEE5DDC921D1886B
1361530358061375634;Cute flat in Amsterdam;1439649;Mathilda;Oostelijk Havengebied - Indische Buurt;52.36238;4.93189;Entire home/apt;187;3;5;2025-07-02;1.00;1;7;5;0363 3C09 2AC0 5615 2858
1361791095169839197;Urban Cozy Oasis Amsterdam;211843374;Jonathan;Slotervaart;52.35427;4.83068;Entire home/apt;148;1;9;2025-08-17;1.56;1;9;9;0363 CB1E ABC0 4058 45F4
1362942846740670505;Cosy apartment in Amsterdam;32242249;Anne;De Pijp - Rivierenbuurt;52.34304;4.9003;Entire home/apt;176;1;5;2025-08-28;1.01;1;261;5;0363 4EA3 6536 23B8 2FF2
1363002442512040828;Ruime en lichte woning bij zwemplek en de stad;11714550;Agatha;Noord-West;52.40627980698056;4.903532233889899;Entire home/apt;300;4;2;2025-08-06;1.46;1;9;2;0363 1B8F 905D 0978 BC95
1363043981976397274;Cosy apartment near Vondelpark;84968943;Carlijn;De Baarsjes - Oud-West;52.36309319999999;4.8551456;Entire home/apt;201;1;4;2025-09-02;1.03;1;206;4;0363 42FB B999 BDCB 6CFC
1363118252821711324;Luxury private studio, own entrance, own bathroom;7249564;Martina;Centrum-Oost;52.36841039999999;4.9063845;Entire home/apt;198;2;29;2025-09-02;4.48;1;324;29;03638F590AA5B64FAB7C
1363123836100303672;Studio Spaarndammerbuurt;29360908;Jenna;Westerpark;52.389207605392805;4.883306233089178;Entire home/apt;158;3;6;2025-05-23;1.36;1;8;6;0363 74D8 BAC0 4607 01B0
1363153332347773452;city ​​apartment Amsterdam west;34056919;Madelief;Bos en Lommer;52.3786628;4.851946400000001;Entire home/apt;231;4;4;2025-08-30;0.70;1;8;4;0363 40C5 5E21 1D43 1A30
1363751696329411827;Cozy 2 BR Cityvilla with garden;39110511;Mike;Noord-West;52.40841146759024;4.898658731602602;Entire home/apt;320;1;1;2025-03-09;0.16;35;112;1;0363 A78F E559 65C1 4BB9
1363789352456682760;Cozy Pijp Apartment;157240871;Dries;De Pijp - Rivierenbuurt;52.35385;4.90058;Entire home/apt;203;2;8;2025-06-08;1.58;1;284;8;0363 4633 0A9C 644B 2A82
1363855140535975151;Wikkel Bear;408898089;Richard Alexander Nicolaas;Geuzenveld - Slotermeer;52.376259574240535;4.779905370377202;Entire home/apt;232;1;1;2025-07-16;0.52;13;177;1;Exempt
1363861637841922275;Sundeck Loft Infrared Sauna;408898089;Richard Alexander Nicolaas;Geuzenveld - Slotermeer;52.376414;4.779919;Entire home/apt;232;1;7;2025-08-27;1.38;13;193;7;Exempt
1363877840885527153;houseboat center Amsterdam Messi;680672081;Folkert;Centrum-West;52.38429457973556;4.894326300663776;Entire home/apt;165;3;13;2025-08-17;2.10;1;17;13;Exempt
1363893971639433510;Apartment with private garden;127552694;Eline Louise;Bos en Lommer;52.38467;4.85228;Entire home/apt;180;4;1;2025-06-03;0.30;1;316;1;0363 46F5 DEC5 F7FB 4CF4
1363968389472617233;Bootje Jordaan;5896579;Gabri;Centrum-West;52.38167017373134;4.881825260818005;Entire home/apt;270;1;7;2025-05-18;1.17;1;264;7;0363 1258 CACA 4D15 10E6
1364273648126264444;Lux Appartement Amsterdam;88621902;Jasmijn;De Baarsjes - Oud-West;52.3611765;4.8666052;Entire home/apt;338;2;1;2025-05-13;0.25;1;356;1;0363 E04F AEAE A8E6 E7A2
1364421617020152098;Modern penthouse apartment with large roof terrace;129465313;Francisco;Zuid;52.3540128;4.855929199999999;Entire home/apt;175;3;1;2025-07-28;0.65;1;135;1;0363 461D 5792 D7C5 2298
1364438224030657340;City center house with garden close to canal;5982618;Michael;De Baarsjes - Oud-West;52.37114534605649;4.8541019595941775;Entire home/apt;212;3;0;;;1;25;0;0363 DF3F 0C00 4A6E 024F
1364486327260266112;Pais en vree;1155851;Tsarina;Oud-Oost;52.35724867014528;4.9085202878230385;Entire home/apt;359;4;5;2025-08-20;1.58;1;21;5;0363 C8AD BE60 8A8A 5065
1364610007819858868;Bright spacious home in Jordaan;365804685;Ellen;Westerpark;52.3766949;4.8755779;Entire home/apt;315;2;2;2025-08-23;0.81;1;2;2;0363 0F66 EFC8 5FBB 748C
1364659189895213796;Beautiful home 10 min from Centraal;349620446;Marko;Noord-Oost;52.40433;4.93817;Private room;86;2;10;2025-08-15;1.90;1;55;10;0363 91DC 2187 25DA E9DE
1365056768686321024;Unique houseboat city center 'Greuns';677835907;Folkert;Centrum-West;52.38429413606035;4.894356407502478;Entire home/apt;209;3;17;2025-08-15;2.73;13;27;17;Exempt
1365104817512800676;Authentic houseboat Amalia;677835907;Folkert;Centrum-West;52.3843022866004;4.8942840179428515;Entire home/apt;279;3;23;2025-08-29;3.83;13;25;23;Exempt
1365105236630609316;NEW: Stylish 3BR Family apartment Amsterdam East;458514270;Stella Hendrika Maria;Watergraafsmeer;52.34388;4.9473;Entire home/apt;245;3;1;2025-04-21;0.21;1;3;1;0363 0107 CF0C C44D 0F37
1365116138967313365;Light-filled oasis in Amsterdam;434063173;Olivia;Bos en Lommer;52.37930100992343;4.849117354226183;Entire home/apt;179;1;0;;;1;133;0;
1365357614313585449;Colorful & Cozy Retreat;292991345;Nivari;Oostelijk Havengebied - Indische Buurt;52.36088537421886;4.938817111660737;Entire home/apt;360;2;1;2025-04-19;0.21;1;178;1;0363 5515 4363 F1B0 145C
1366545843850455084;Spacious luxury apartment in City Center;681505793;Frits;Centrum-Oost;52.36393;4.89037;Entire home/apt;442;3;4;2025-08-13;1.11;1;89;4;0363 9EFO 17CA B5CC 1290
1366681723229796790;Cozy appartment in Amsterdam;61554931;Thibault;De Baarsjes - Oud-West;52.3709453806912;4.865288870616209;Entire home/apt;132;9;0;;;1;9;0;036393296596BFB49A0C
1366705754236778230;Bright 1BR Apt w/ 2 Balconies;381452106;Thaiane;Slotervaart;52.35566;4.83323;Entire home/apt;180;2;3;2025-06-09;0.62;1;293;3;0363 EC10 6906 2842 3571
1367935266686915227;Luxe woning aan de Amstel;36366177;Koen;Oud-Oost;52.3570899;4.9089847;Entire home/apt;135;3;3;2025-08-17;1.55;1;314;3;0363 8E55 7D51 6DB6 9239
1368028033863144469;Modern & Cosy Apartment;63088503;Shourya;Bos en Lommer;52.3819776;4.8527112;Entire home/apt;163;1;0;;;1;289;0;0363 98D5 B7F1 D353 0002
1368032974132046077;Luxury whole appartement centrum amsterdam;203332788;Robert;Centrum-Oost;52.37009024865962;4.902556054294109;Entire home/apt;266;2;2;2025-04-14;0.38;1;237;2;0363969F3E0B6851E1B4
1368050595485570448;The Jolly Joker appartement;664363261;Petra;Centrum-Oost;52.37288;4.90126;Entire home/apt;365;2;12;2025-08-20;2.50;1;22;12;0363 C104 EA94 DAF7 2804
1368762824662102549;High-end house with garden at Vondelpark;59759074;Cas;Zuid;52.35446;4.85427;Entire home/apt;270;4;3;2025-07-24;1.55;2;29;3;03636CE9042FDF3D0F18
1369429429559300247;Amsterdam Gardenhouse;431683687;Jeroen;Geuzenveld - Slotermeer;52.38149;4.8359;Entire home/apt;180;5;2;2025-08-17;1.40;1;253;2;0363 10DB C625 3686 AF4E
1369443627129749321;Beautiful Designer Appartment in A’dam Oud Zuid;248652946;René;Zuid;52.35021;4.87662;Entire home/apt;213;2;0;;;2;129;0;0363 0067 84FD 07B2 9D3C
1369499700651408271;Boetiek appartement Amsterdam-Oost;149049568;Hester;Oostelijk Havengebied - Indische Buurt;52.360766573141355;4.935175600404995;Entire home/apt;159;2;0;;;1;62;0;0363476AEBC402038B41
1369688428681972980;Cosy, spacious apartment;11652482;Peter;Bos en Lommer;52.379167;4.8493444;Entire home/apt;168;3;0;;;1;191;0;0363 BE2B 6780 51DC 093D
1369727329178419780;Appartement met tuin;190278130;Floor;Westerpark;52.37872902364114;4.875109009444714;Entire home/apt;180;14;1;2025-05-19;0.26;1;72;1;0363 74A4 9F15 D620 2238
1370138880849773552;Lovely Private Apartment 4P@;159112610;Giampaolo Antonio;Centrum-West;52.3767586703549;4.895005635917187;Entire home/apt;382;1;1;2025-06-01;0.29;3;149;1;03639A41A2106EF5CFD3
1370240299487808682;Erasmuspark Sunrise Balcony Apartment;39590287;Lisette;Bos en Lommer;52.37732;4.85111;Entire home/apt;158;3;2;2025-08-05;0.57;1;50;2;0363f1270C318440D443
1371081644940734520;Luxurious wellness houseboat - Captains Cabin;512713602;Gerben;Centrum-Oost;52.37152;4.90809;Entire home/apt;323;1;14;2025-09-04;2.90;2;316;14;0363 A2C9 740C E000 D00D
1373049712518317700;Double Floor Appartment in Rivierenbuurt (120 m2);248652946;René;De Pijp - Rivierenbuurt;52.34583079999999;4.8994099;Entire home/apt;160;2;2;2025-05-18;0.46;2;13;2;0363 4CDB 79A6 F2CF A972
1373220787327792220;Stylish 3-Bedroom Home with Canal View & Garden;301508950;Maciej;Centrum-West;52.36915;4.882;Entire home/apt;1000;3;4;2025-08-19;0.69;1;355;4;0363 CE07 DFE3 8027 8782
1373226229772343447;Apartment in Amsterdam West;192012068;Aytan;Bos en Lommer;52.383602840019336;4.850055683169587;Entire home/apt;180;2;4;2025-06-22;0.75;1;163;4;0363 0EC7 31A2 7A42 8181
1373814369824566924;Amsterdam 3-story Town House 'Mansion';39306107;Scott;Watergraafsmeer;52.3425531;4.9248236;Entire home/apt;472;3;0;;;1;8;0;
1373825440139483339;Estudio céntrico en zonas verdes;201044625;Carolina;Bos en Lommer;52.37583;4.84377;Entire home/apt;171;2;0;;;2;280;0;0363 1A77 7170 A15C 1B2F
1373870355582342233;Amstel Riverview appartement;32399510;Sabine;Oud-Oost;52.35568215527011;4.908061926883047;Entire home/apt;150;3;2;2025-04-01;0.36;1;52;2;0363 A133 A775 36E0 0DF2
1374075585375352949;Idyllische Amsterdams huis;150411386;Eva;Centrum-Oost;52.37345341426455;4.902327735009813;Entire home/apt;270;1;9;2025-08-31;1.88;1;175;9;0363 1657 744F ED07 6203
1374502264196987172;Light & spacious apartment with sunny garden;44427893;Manja;Oostelijk Havengebied - Indische Buurt;52.364189;4.9341291;Entire home/apt;216;3;0;;;1;10;0;0363 65FA 6100 F3E5 3B18
1374556759476632890;Woning in  landelijk Amsterdam;18664993;Arnold;Noord-Oost;52.40642;4.96673;Entire home/apt;190;2;3;2025-08-21;0.69;1;27;3;0363 3B3A 5F01 0D5E F75C
1374583330165377242;Cozy House in Amsterdam;28905402;Verena;Noord-West;52.40345;4.89775;Entire home/apt;168;2;0;;;1;5;0;0363 75CD 84D5 C560 CC28
1374620103277025125;Canalzicht & Garage – Wittenkade;397075910;Lars;Westerpark;52.38492417743144;4.878300575939966;Entire home/apt;288;1;2;2025-08-22;0.98;1;338;2;0363 CEFD 803C 02EA 1B68
1374726014809639332;16th floor penthouse located inside Rembrandt park;191338220;Noud;Slotervaart;52.36137827762857;4.842292640604576;Entire home/apt;288;3;7;2025-08-23;1.62;1;163;7;0363 15A0 3395 B8F8 A3C5
1375267449659458242;Chic & Spacious Apt Amsterdam East;388958092;Lisa;Oud-Oost;52.36352;4.92396;Entire home/apt;375;3;3;2025-06-11;0.62;1;127;3;0363 7F6D D908 1ACB 1F0B
1375422169239182900;Luxury | Bright | Spacious | Modern | Garden | 2BR;48137304;Samuel;De Baarsjes - Oud-West;52.3706592;4.8602302;Entire home/apt;154;2;6;2025-08-19;1.09;1;90;6;0363 93C4 F769 9068 3E62
1375451893621300785;Amsterdam oost lovely & spacious home;481071116;Jennifer;Watergraafsmeer;52.35615;4.93831;Entire home/apt;350;2;2;2025-06-27;0.63;1;299;2;0363 991F 7A07 4C1E 2BF1
1375468320319586238;Calm and spacious design apartment;2339119;Boy;Noord-Oost;52.398286;4.9292018;Entire home/apt;161;2;5;2025-08-24;0.99;1;133;5;0363 30CA 1B32 2FBD 5764
1375552539394078414;Appartement met tuin;116510361;Britt Julie;De Pijp - Rivierenbuurt;52.34684;4.90083;Entire home/apt;266;3;0;;;1;329;0;
1375995077310375605;Cozy family apartment;56296118;Anna;Oud-Noord;52.3844728;4.9154646;Entire home/apt;216;2;0;;;1;15;0;0363 34C3 0F55 67A3 2482
1376209266305993207;Stijlvol appartement nabij Vondelpark;8156336;Isabelle;De Baarsjes - Oud-West;52.36083682434039;4.854295873336277;Entire home/apt;297;3;1;2025-04-27;0.22;1;4;1;0363 31BB 1C24 A5A5 349D
1376287696249797306;1909 Classic Sailboat Amsterdam;665458833;John;Oud-Noord;52.399845908384044;4.891588259246822;Private room;300;1;1;2025-07-10;0.47;2;346;1;Exempt
1376682544367201318;Cozy, luxurious apartment;341143211;Eva;De Baarsjes - Oud-West;52.36722;4.85464;Entire home/apt;375;2;4;2025-09-06;0.76;1;258;4;0363 ACED 9CAE A4FA 30D4
1376750200652354389;Beautiful, big light apartment near Jordaan area;33271212;Anouk;Westerpark;52.37810900642334;4.875486397143238;Entire home/apt;301;3;2;2025-04-23;0.40;1;84;2;0363 9232 E313 8AF6 31BB
1376986597744376980;Bed&Boat Amsterdam;6192245;Regina;Oostelijk Havengebied - Indische Buurt;52.376690313412894;4.944190979003906;Entire home/apt;120;2;10;2025-09-08;1.89;1;25;10;0363 96DA A215 BF45 F685
1377649105242349387;Old pump station for 2 adults & 2 max 12 year olds;684463707;Wendy Sandra;IJburg - Zeeburgereiland;52.3740296;4.9683272;Entire home/apt;208;2;16;2025-08-28;3.06;1;216;16;Exempt
1378117646137329011;Cosy Amsterdam Apartment;684562202;Ties Maarten;De Pijp - Rivierenbuurt;52.34289;4.90437;Entire home/apt;257;1;0;;;1;180;0;0363 7488 D1C0 22AD 20BB
1378158002336457754;Cosy and modern apartment next to the park;660223585;Matthijs Jeroen;De Baarsjes - Oud-West;52.36726441788323;4.852820632386523;Entire home/apt;250;2;1;2025-04-13;0.20;1;356;1;0363 FC79 5972 E638 E096
1378257834145375534;Kg320;684600917;Sofie;Centrum-West;52.370152;4.8842528;Private room;316;3;3;2025-06-21;0.80;1;307;3;0363 D9F0 143C A692 53C9
1378262896135608660;Luxury design canal apartment;1515957;Janüska;De Baarsjes - Oud-West;52.37069;4.87338;Entire home/apt;541;2;6;2025-07-11;1.41;1;100;6;0363 5B00 370C 6669 FC78
1378266681715630486;Bright modern apartment - near city center;684603763;Thomas;Noord-Oost;52.39585843410429;4.933351674931567;Entire home/apt;131;2;20;2025-08-10;3.57;2;9;20;Exempt
1378291599251756003;Modern apartment - 10 min city center;684603763;Thomas;Noord-Oost;52.39688;4.93111;Entire home/apt;108;2;16;2025-09-08;2.98;2;4;16;Exempt
1378304553235190543;Ruim appartement met dakterras;226167577;Eline;De Baarsjes - Oud-West;52.36339314120904;4.854226918085387;Entire home/apt;360;1;0;;;1;241;0;0363 6DE1 41FE 68B7 C428
1378996546788931269;Apartment Overtoom;70541257;Joris;De Baarsjes - Oud-West;52.36183373344812;4.867974457639487;Entire home/apt;260;3;1;2025-05-13;0.25;1;6;1;0363 EFA4 4BEA 0961 281F
1379015118243256820;Appartement in bruisend Amsterdam West;72683672;Fine;Westerpark;52.38388;4.87575;Entire home/apt;196;3;1;2025-04-20;0.21;1;143;1;0363070855ECECDF301C
1379462276258429025;Charming & modern apartment;31086533;Hester;Westerpark;52.3789361;4.8738803;Entire home/apt;159;7;1;2025-04-11;0.19;1;177;1;0363 9545 65A9 CEC8 D573
1379777102854917705;NEW - Sweet & cosy garden view apartment OLD/WEST;364305280;Arnold;De Baarsjes - Oud-West;52.37017;4.87041;Entire home/apt;275;2;0;;;23;40;0;0363 14A1 E5CE C924 7200
1379886915174179694;Appartement dicht bij centrum;247924312;Bianca;Noord-Oost;52.39299999111811;4.948479432540909;Entire home/apt;199;3;3;2025-08-17;2.25;1;143;3;0363 D855 4E75 3369 F3AC
1380276484790392391;Cozy Jordaan Area apt. with 2 beds;39110511;Mike;Westerpark;52.378312186253346;4.877470816779674;Entire home/apt;265;1;1;2025-07-18;0.54;35;11;1;0363 E528 FE7E FFB1 F3ED
1380283460465566015;Spacious Stylish Urban 2p apt. @ De Pijp Ams.;39110511;Mike;De Pijp - Rivierenbuurt;52.350697036431534;4.8917924260297765;Entire home/apt;225;1;0;;;35;78;0;0363 E488 9D68 DAFD D7F1
1380472752145301616;Luxury apartment near the Pijp;30189531;Anne;De Pijp - Rivierenbuurt;52.34672839326361;4.9056575575924635;Entire home/apt;280;20;0;;;1;131;0;0363 A206 E95C 4C0A AB78
1380545382269072568;Luxurious, spacious appartment;32504670;Alexandra;De Pijp - Rivierenbuurt;52.34828;4.90762;Entire home/apt;203;2;4;2025-08-02;0.79;1;172;4;0363 D969 E569 9A2F EB6F
1380964189348525015;3 person room in shared apartmnt;412516008;Federico;De Baarsjes - Oud-West;52.37026007933695;4.853610212712753;Private room;72;3;10;2025-07-17;1.88;2;355;10;0363 9F4A B290 ADC1 0033
1381002516299990118;Beautiful Townhouse | Parkview;6075620;Margaux;Watergraafsmeer;52.3516359;4.9343577;Entire home/apt;310;5;0;;;1;363;0;0363 64A8 EA40 944D 2334
1381293542323950819;NEW: Bright & Cozy | 2-Bedroom | Amsterdam South;24543368;Eize;Buitenveldert - Zuidas;52.342749573161214;4.867586706538671;Entire home/apt;450;3;2;2025-05-04;0.44;1;26;2;0363 2B14 C81A FDA7 DBE7
1381922346679984275;Luxurious and Modern AP @ Amsterdam Oud-West;161729978;Jikke;De Baarsjes - Oud-West;52.36138;4.86336;Entire home/apt;273;3;1;2025-04-21;0.21;2;363;1;0363 08D6 9818 C2DE FF70
1381948731851437962;Appartement Museumplein in Zuid;22032032;Charlotte;Zuid;52.35463;4.88548;Entire home/apt;185;3;4;2025-06-12;0.76;1;291;4;0363 5832 8FBB B5F2 18E3
1382477936938408866;Spacious & Peaceful with Rooftop;43958582;Sol;Zuid;52.34516133143835;4.8763357847929;Entire home/apt;480;4;0;;;2;296;0;0363 15F4 54C1 4817 922D
1383363753309476793;Newly renovated apartment with large sunny terrace;126634634;Leon;Slotervaart;52.354036780937705;4.827027395367622;Entire home/apt;169;2;5;2025-08-11;1.03;1;15;5;0363 338C D67E B024 3D4D
1383401231019030901;Kleurrijk appartement;443377994;Tom;Oud-Oost;52.35496;4.9093;Entire home/apt;229;3;3;2025-07-16;0.62;1;317;3;0363 C0D8 CEF5 D976 C2F3
1383806151251038975;Luxurious wellness houseboat - Sailors Suite;512713602;Gerben;Centrum-Oost;52.37231;4.90808;Entire home/apt;325;1;7;2025-09-08;1.91;2;316;7;0363 A2C9 740C E000 D00D
1383938860129492347;NEW! Private Salon de Franz - with large terrace;495140201;Morschi;Centrum-West;52.37080853340881;4.892686050758736;Private room;361;3;1;2025-08-23;1;1;332;1;0363 C1A3 BD45 D785 F974
1383939704130471991;Gezellig huis met privé tuin dichtbij Vondelpark;62803770;Sico;De Baarsjes - Oud-West;52.36348759900094;4.85748112066368;Entire home/apt;204;2;1;2025-05-12;0.24;1;253;1;0363 CBB1 9F95 F131 5569
1384647405235073040;Unique center Jacuzzi Loft;676042560;Tim;Centrum-Oost;52.36455;4.88257;Entire home/apt;200;1;5;2025-07-25;1.46;2;300;5;0363 7DE0 0F40 E984 1B18
1384767408800421659;Lovely Private Room & Terrace;159112610;Giampaolo Antonio;Centrum-West;52.37602469299681;4.893507622182369;Private room;155;2;13;2025-08-23;2.45;3;35;13;Exempt
1384867810409356608;Cosy cat & plant home A'dam West;9275751;Hester;Westerpark;52.37951409581224;4.87212100517991;Entire home/apt;131;2;2;2025-06-29;0.43;1;194;2;0363 6DF9 A736 F147 9AC0
1385383293735878369;Heart of Amsterdam Apartment;59049588;Martin;Centrum-Oost;52.3655;4.89244;Entire home/apt;195;3;3;2025-05-22;0.70;1;103;3;0363 8BAD 4AD3 FE68 9758
1385498778349839571;Zoku Bootstrap;30890942;Zoku Amsterdam;Centrum-Oost;52.36478;4.90624;Private room;201;1;16;2025-08-31;3.29;7;103;16;Exempt
1385588855582221562;Luxurious appartment in Amsterdam (The Pijp);182592567;Mans;De Pijp - Rivierenbuurt;52.35698;4.903665999999999;Entire home/apt;274;5;3;2025-08-26;1.11;1;231;3;0363 DBD6 0E3B E47D D9CA
1386196440883884196;Cityden | Studio XL for Four Persons | Aparthotel;375961673;Cityden;Bos en Lommer;52.376791;4.844622;Entire home/apt;262;1;17;2025-08-24;3.36;11;283;17;Exempt
1386775599010109535;Newly renovated flat - own bath;8934514;Holly;De Baarsjes - Oud-West;52.3583692;4.8540683;Private room;97;1;6;2025-08-25;1.25;1;98;6;0363 58B1 F3AB 10CE 41FE
1386776872850768075;Cityden | 2-Bedroom Apartment XS | Aparthotel;375961673;Cityden;Bos en Lommer;52.376326;4.8446166;Entire home/apt;268;1;61;2025-09-10;11.88;11;29;61;Exempt
1386958544723326253;Ons kasteel;36342810;Bob;Watergraafsmeer;52.35608629999999;4.9357019;Entire home/apt;500;2;0;;;1;364;0;
1387074660073961277;Zen & bright room with balcony;43670444;Amanda;Geuzenveld - Slotermeer;52.38487;4.83398;Private room;99;3;7;2025-08-31;2.04;1;57;7;0363 7CAD 010A 4DE3 D4D9
1387479909874229608;Near Centrum;660385180;Janos;Bos en Lommer;52.3760008;4.862299699999999;Entire home/apt;162;1;2;2025-05-23;0.51;1;243;2;0363 050E 068C F286 5A07
1387670572426875343;Licht appartement Amsterdam West;67546385;Sophie;De Baarsjes - Oud-West;52.36165;4.85106;Entire home/apt;180;1;5;2025-07-10;1.02;1;156;5;0363 086E 8D49 2157 2E39
1387816336923786701;Ruim verblijf;8862907;Noor Mirjam Maria;De Pijp - Rivierenbuurt;52.34565970000001;4.8955774;Entire home/apt;310;4;3;2025-05-04;0.60;1;49;3;0363 44F1 457F D8BC 5A42
1388297466675663574;Bright apartment in De Pijp.;10103388;Lorenzo Juan;De Pijp - Rivierenbuurt;52.353454308302936;4.895787924985055;Entire home/apt;183;2;0;;;1;30;0;
1388470073976949656;Canal view apartement;237803830;Anne Lotte;Centrum-West;52.36798515145728;4.880951324384249;Entire home/apt;262;3;1;2025-07-26;0.63;1;352;1;0363 8AEA 6E6A CC0A E992
1388539131419178594;Comfortabel en rustig dijkhuis;16124101;Margo;Noord-Oost;52.3862712;4.9571456;Entire home/apt;232;3;4;2025-08-27;1.17;1;158;4;0363 A276 C7EF 9BEE 2410
1389160634766342070;Authentic Flat Amsterdam-Noord;26452389;Vera;Noord-Oost;52.39255177463761;4.948355832788076;Entire home/apt;162;2;2;2025-07-13;0.41;1;146;2;0363 4517 D639 2BC1 9B78
1389171554328068576;Lovely apartment in Amsterdam (4p);45969455;Sebastiaan;Zuid;52.3530107;4.8534543;Entire home/apt;315;2;2;2025-07-05;0.46;2;347;2;0363 9A99 2764 BA76 5007
1389741941371076809;Cozy appartment in the city;653821835;Tess;Zuid;52.3490056;4.8510094;Entire home/apt;172;5;1;2025-04-28;0.22;1;162;1;0363 A752 AB68 042F 27E1
1389742271967378763;Modern appartement in Oud-West;19270618;Esmée;De Baarsjes - Oud-West;52.3645835905585;4.86512568783171;Entire home/apt;171;2;0;;;1;18;0;0363 B0A8 F991 4411 1323
1390052431185014728;Charming Room In vibrant Amsterdam East;22071836;Andrea;Oostelijk Havengebied - Indische Buurt;52.36107089999999;4.944067899999999;Private room;105;1;4;2025-08-31;0.97;1;226;4;0363 1D16 8D5F 9328 691E
1390393554857607957;Licht en luxe appartement bij Vondelpark in West;229934853;Maarten;De Baarsjes - Oud-West;52.3593859;4.8548695;Entire home/apt;275;3;3;2025-07-13;0.59;1;363;3;0363 6DC6 DE00 1748 2E6D
1390424830525381685;Stijlvol Appartement in Centrum Amsterdam;7906417;Roderick;Centrum-Oost;52.36893;4.91818;Entire home/apt;220;2;5;2025-06-04;1.09;1;161;5;0363 6473 316E CE81 D045
1390505507307596198;Beautiful and spacious apartment;2323616;Roel;De Baarsjes - Oud-West;52.37137793279385;4.861666968542634;Entire home/apt;405;1;2;2025-06-15;0.58;1;4;2;0363 A74D DCBB 08B0 D69E
1390683090722153842;Stylish Ground-Floor Apartment Near Vondelpark;24138541;Maran;De Baarsjes - Oud-West;52.3619;4.86693;Entire home/apt;232;4;3;2025-08-24;0.65;1;140;3;0363 3B7F FC35 1146 8898
1390694506449734704;Live like an Amsterdam local!;13982250;Johannes;De Baarsjes - Oud-West;52.37122129999999;4.8591277;Entire home/apt;156;3;1;2025-07-23;0.59;1;290;1;0363 ED59 9017 E292 A88B
1391258433249587815;Charming Home with Parkview in City Center;17285960;Laura;Westerpark;52.37927;4.87558;Entire home/apt;240;2;0;;;1;79;0;0363 86E9 336E F568 165E
1391946868810911555;Stylish home in the De Pijp!;15980390;Henry;De Pijp - Rivierenbuurt;52.3516513;4.8997887;Entire home/apt;436;3;2;2025-04-21;0.41;1;8;2;0363 C0AF 0ACA 0A6A 94A4
1392738966698526480;Appartement in Stadsdeel West;7238084;Ruby;Westerpark;52.38477;4.87002;Entire home/apt;142;2;5;2025-09-07;2.54;1;5;5;0363 372D 06B1 4D34 E9CB
1392781174806790717;Stylish & Funky in Amsterdam!;74303933;Tomer;Zuid;52.35215181869368;4.84893812932548;Entire home/apt;360;2;1;2025-04-21;0.21;1;361;1;0363 CA83 397A E431 0E45
1392877287354938259;Cozy 2-bedroom apartment in West;20870683;Mauro;Bos en Lommer;52.380743391962014;4.849518589799507;Entire home/apt;300;7;1;2025-08-10;0.91;1;15;1;0363 DE42 7AD6 953E A2AE
1393365222461284675;Spacious Scandinavian appartment;3657927;Peter Jan;De Baarsjes - Oud-West;52.36882;4.85643;Entire home/apt;315;3;3;2025-07-27;0.69;1;16;3;0363 2B7C BCC7 65DD 59AE
1393470164991771545;Licht appartement naast Vondel;15675916;Thomas Joost Pirmin;De Baarsjes - Oud-West;52.35931331410595;4.863899544649949;Entire home/apt;520;3;5;2025-08-26;1.95;1;325;5;0363 D97B C4D6 27A4 70AE
1393551507652574850;Bright canal flat w/ terrace;11541695;Jessie;Bos en Lommer;52.37584;4.86186;Entire home/apt;145;2;2;2025-07-27;1.00;1;33;2;036319C3E2183CA00D86
1393583946945296017;Charming familyhome with garden near park & city;82594213;Sacha;Oud-Noord;52.39446;4.91726;Entire home/apt;129;14;1;2025-06-18;0.35;1;158;1;0363 6CE4 DA27 91C0 ADA1
1393605557388788504;Knus en fijn appartement in de Kolenkit;402334890;Mike Antoon;Bos en Lommer;52.37847;4.84171;Entire home/apt;106;3;4;2025-09-07;2.61;1;8;4;0363 A080 45F5 758C 6E7A
1394111399332726746;Mooi appartement met balkon in Amsterdam-Zuid;150108349;Margot;Zuid;52.345311649454445;4.8616114277599625;Entire home/apt;208;2;3;2025-06-02;0.77;1;98;3;0363 A0D4 A7E8 F982 B9D7
1394242085134050357;Modern Loft close to the centre;25393587;Caterina;Oostelijk Havengebied - Indische Buurt;52.36462;4.93521;Entire home/apt;180;1;1;2025-05-04;0.23;1;314;1;0363 EFD7 A5FC 2996 5C5D
1394245499872513421;Zeeburg Apartment;673979468;Jorg;Oostelijk Havengebied - Indische Buurt;52.36857819999999;4.9405903;Entire home/apt;214;3;8;2025-08-17;1.80;1;134;8;0363 4B79 2BFB BAE0 C34B
1394285998299594269;Licht en ruim appartement met zonnig privé terras;687201314;Olivia;De Pijp - Rivierenbuurt;52.345515756712466;4.9005967429058055;Entire home/apt;360;3;3;2025-09-01;0.91;1;342;3;03635593C4B46C537EBF
1394332614333072317;Brightness of Hoofddorpplein;68294035;Alejandro;Zuid;52.35075717718841;4.846569309030099;Entire home/apt;121;3;0;;;1;256;0;0363 5A65 F5FC C5F0 B6B8
1394345092735256461;Fijn appartement bij Westerpark;119095690;Marieke;Westerpark;52.39059;4.87635;Entire home/apt;200;1;0;;;1;284;0;0363 A461 0885 268C A3A4
1394730974942843616;Ruim familiehuis  Amsterdam Oud West;3430146;Ilanit Z;De Baarsjes - Oud-West;52.36285;4.85955;Entire home/apt;350;5;0;;;2;133;0;0363 C0AB 9AAE D532 FECA
1394732350105541755;Sunny Appartement Amsterdam West;34634563;Lisa;Slotervaart;52.36564543783518;4.8367805778980255;Entire home/apt;250;2;4;2025-09-01;0.82;1;1;4;0363 69BC 0034 C15C 971F
1395013636526486550;Elegant Historic Loft;3934371;Marc;Centrum-West;52.38614;4.88776;Entire home/apt;271;3;0;;;1;193;0;0363 4482 9C79 5177 E67E
1395049773529127809;spacious apartment Amsterdam West;84295165;Jordy;Bos en Lommer;52.375443792951835;4.857000202860958;Entire home/apt;244;3;0;;;1;262;0;
1395494607110530451;Private apartment nearby Amstel;33217887;Emiel;De Pijp - Rivierenbuurt;52.34161303555043;4.910198470601251;Entire home/apt;225;3;1;2025-05-11;0.24;1;354;1;0363 E1AC C393 A86A ED20
1395595739337496751;NEW! Private apartment in heart of Jordaan;52628502;Jorrit;Centrum-West;52.3797512;4.8859354;Private room;246;1;7;2025-05-25;1.40;2;0;7;0363BF1693B5DD05B60D
1395630442417806270;Spacious ground floor apartment - private garden;391473;Jolien;De Baarsjes - Oud-West;52.3715436;4.8531876;Entire home/apt;162;3;4;2025-06-06;0.97;1;9;4;0363 B758 CE95 596B 36D9
1395666032750265404;"New houseboat center amsterdam ""Saiter""";677835907;Folkert;Centrum-West;52.384261820292025;4.8943625119201295;Entire home/apt;214;3;18;2025-08-24;3.62;13;40;18;Exempt
1396126638078721021;Sunny Amsterdam getaway;38872939;Avigail;Watergraafsmeer;52.34846;4.93807;Entire home/apt;173;3;1;2025-05-04;0.23;1;39;1;036374076537B5CE60E0
1396953106753447019;Appartement in hartje centrum met heerlijke tuin;269485392;Emmelien;De Baarsjes - Oud-West;52.36814327300867;4.870351441204548;Entire home/apt;240;3;3;2025-07-11;0.62;1;14;3;0363 F4B6 CFC6 394C 0190
1397032513093485473;Charming Home on Amstel River;40004203;Joshua;Centrum-Oost;52.366746289250365;4.89929964127807;Entire home/apt;309;2;3;2025-07-23;0.65;1;349;3;0363 D84B 8069 C02C A9AC
1397088606012575999;Beautiful two bedroom apartment;101003417;Anoek;De Pijp - Rivierenbuurt;52.340921633857256;4.895250609591511;Entire home/apt;270;3;1;2025-06-01;0.29;1;320;1;0363 98A8 C186 714C 2597
1397777672273683674;Family home with water views and free parking;10239444;Marit;IJburg - Zeeburgereiland;52.35508891864389;5.001643654086523;Entire home/apt;285;3;0;;;1;5;0;03635C0C29849538EDDB
1397964956965672409;Modern Comfort: Studio Apartment in De Pijp;284533726;Lafras;De Pijp - Rivierenbuurt;52.35464899999999;4.893846100000001;Entire home/apt;190;1;7;2025-08-31;1.69;1;47;7;0363 71A6 DBD2 28D3 903B
1398312589400654299;Modern Central Cozy Apartment;34586472;Yuma;De Baarsjes - Oud-West;52.37034837987516;4.873058211271529;Entire home/apt;261;4;2;2025-06-26;0.62;1;79;2;0363 3ED5 BDFE 95DC B326
1398376797495276004;Cosy Amsterdam West Appartment;77670277;Jakob Bart;De Baarsjes - Oud-West;52.36703302367532;4.8655649350119585;Entire home/apt;180;2;4;2025-08-03;0.87;1;29;4;0363 4A6F 0176 1760 A303
1398469351816918663;Pareltje in het Zaanhof;214654831;Maria;Westerpark;52.39177199240851;4.873416871305698;Entire home/apt;181;3;1;2025-05-05;0.23;1;253;1;0363 EDAA E5B2 BC2E 92C4
1398650778326026421;Jordanees grachtenappartement;77723687;Adrienne;Centrum-West;52.37573430187148;4.88258213404253;Entire home/apt;195;3;4;2025-09-01;1.18;1;266;4;0363 A665 1253 1684 4FBF
1398668251293133877;Java 13 min from central station;651299682;Andrea;Oostelijk Havengebied - Indische Buurt;52.362866794905436;4.932623432988821;Entire home/apt;145;2;2;2025-06-27;0.41;8;9;2;ABCD1234AB1289EFA0F9
1399096278802399274;Spacious 190m² Apartment with Garden & 4 Bedrooms;1878547;Matthijs;Oostelijk Havengebied - Indische Buurt;52.3657324;4.938613399999999;Entire home/apt;405;5;2;2025-08-16;1.76;1;17;2;0363 E57A C437 3BCB CDCC
1399107146542238336;new houseboat center amterdam Fenke;677835907;Folkert;Centrum-West;52.38522;4.89373;Entire home/apt;177;3;13;2025-08-19;3.17;13;24;13;Exempt
1399360348189480611;Beautiful house with a garden;32477532;Alice;Watergraafsmeer;52.3417;4.92476;Entire home/apt;351;3;1;2025-05-04;0.23;1;147;1;0363D7E201B061B296F6
1399412419472559596;Sleeping on a boat in Amsterdam;67076282;Jessica;Noord-Oost;52.3808052;4.9666353;Entire home/apt;122;2;2;2025-08-04;0.59;1;53;2;0363 842C A9D6 B2EF C655
1399418425516491338;Cozy Apt close to Vondelpark with sunny terrace;141697828;Cees;Zuid;52.349546;4.854814;Entire home/apt;276;1;6;2025-08-23;1.22;1;166;6;0363 2FB8 E5FF FCD7 B6EF
1399868633680400142;Architects' 120m² canal house + rooftop terrace;19024460;Marco;De Baarsjes - Oud-West;52.36625233218261;4.8583240279716655;Entire home/apt;338;2;3;2025-08-24;0.73;1;38;3;0363 2436 C3B2 BF6C 06A3
1399987778826552213;Charming Apartment in Prime Amsterdam Location;20266514;Andres;Watergraafsmeer;52.35777056984154;4.942235293579268;Entire home/apt;172;3;5;2025-09-07;1.28;1;78;5;0363 666C 72A2 3EC9 7800
1400060380947233562;NEW: Bright & stylish | Ground floor | @ The Pijp;30332298;Kjell Jesper;De Pijp - Rivierenbuurt;52.35174298628303;4.903955161571503;Entire home/apt;1595;3;2;2025-09-06;2;1;30;2;0363 2DB6 65C5 92EA 290C
1400082468619894368;Spacious apartment in Amsterdam;566189883;Quirine;Osdorp;52.35684;4.81224;Entire home/apt;153;1;1;2025-06-08;0.31;1;133;1;0363 243D 1C17 E48F B5C3
1400099101353662367;Vibrant & Charming City Hideaway Near Vondelpark;358319976;Shakira;Centrum-Oost;52.36465776294273;4.880218071420997;Entire home/apt;307;4;0;;;1;154;0;
1400153890071446364;Ruim appartement in het centrum;193423555;Martijn;Centrum-Oost;52.36164;4.89781;Entire home/apt;225;3;1;2025-09-04;1;1;255;1;0363 9387 3F79 8B59 EEF8
1400167743690282454;Amsterdam - Noord;688199126;Felix;Noord-Oost;52.3972973;4.9338696;Private room;113;1;2;2025-05-02;0.42;1;87;2;0363 F3C8 C017 1C58 CE0D
1400505606985345316;Appartement in Amsterdam west;16319461;Nilay;Bos en Lommer;52.37533;4.86073;Entire home/apt;103;1;2;2025-07-04;0.77;1;10;2;0363179474095A6A95F2
1400630186972801885;Stylish Family Home with Garden;18329703;Sam;Oud-Oost;52.35426;4.92484;Entire home/apt;279;3;2;2025-06-29;0.73;1;253;2;0363 65D2 8E3D 1266 4A64
1401282660981553945;Lovely apartment in quiet neighbourhood;20752981;Rosa;De Baarsjes - Oud-West;52.36723;4.85598;Entire home/apt;162;2;3;2025-06-09;0.69;1;94;3;0363 398B 8BC0 2DE6 AC32
1401308628074707761;Apartment in central Pijp area;690514742;Thinh;De Pijp - Rivierenbuurt;52.3556794;4.8922253;Entire home/apt;209;1;4;2025-08-31;1.46;1;155;4;0363 9032 A3AE 2046 89A1
1402045417946131768;Casa di Woestduinstraat;5849222;Jeroen;Zuid;52.35253;4.84797;Entire home/apt;225;2;3;2025-08-01;0.69;2;174;3;0363 367F CF44 A786 B1DC
1402363352010248080;A design apartment in the centre with a garden;21229674;Anna;Westerpark;52.38997;4.8758;Entire home/apt;186;4;0;;;1;63;0;0363 58B6 5E2A 3078 B01B
1402947243757430658;Green Oasis;565688408;Timo;Slotervaart;52.35287109999999;4.8322214;Entire home/apt;160;2;2;2025-08-17;1.00;1;101;2;0363F154B926CFF230C3
1403078399020186510;Trendy appartement;12749039;Sheryl;De Baarsjes - Oud-West;52.3621;4.86527;Entire home/apt;198;2;0;;;1;253;0;0363 170E 1A85 0624 4753
1403717031516647776;Houseboat BNB ‘The floating nest’;548719;Claire;Centrum-West;52.38345;4.88528;Private room;225;1;0;;;1;189;0;0363 1EAC ED20 B627 6C45
1403745064543385665;Stylish Vondelpark Home with Large Private Garden;36182239;Juliet;De Baarsjes - Oud-West;52.3568582;4.8556415;Entire home/apt;354;1;6;2025-08-24;1.55;1;48;6;0363 A25D 8420 30EC 14AA
1404419661421578085;Cozy apartment Amsterdam South;51258589;Babs;Zuid;52.34711;4.84775;Entire home/apt;176;1;0;;;1;350;0;
1404460603043194028;Sfeervol appartement in Oost;44447478;Laurette;Oostelijk Havengebied - Indische Buurt;52.362305030339535;4.934117943048477;Entire home/apt;150;4;0;;;1;45;0;0363 9EFF 89F0 E24D E9A9
1404521257294000928;*Stunning apartment near Vondelpark + city center*;265624681;Maxim;De Baarsjes - Oud-West;52.36249;4.86905;Entire home/apt;355;4;3;2025-08-13;1.05;1;151;3;0363 310B B6FD F948 D23A
1404523084821430116;Ruime kamer IJburg Amsterdam;691315055;Shehera;IJburg - Zeeburgereiland;52.3573732;4.9965947;Private room;128;1;2;2025-05-04;0.44;1;85;2;0363 C850 2C77 708A 0CF5
1404956022018518537;Gezinshuis in Amsterdam-Noord;35893104;Ralph Jan Willem;Noord-Oost;52.40592707260293;4.931618124246597;Entire home/apt;250;2;2;2025-07-27;0.58;1;332;2;0363 3E4B FC3C 57D1 771C
1405070199251196199;Boutique flat with patio in early-1900s building;51758224;Zheng;De Baarsjes - Oud-West;52.36468;4.86084;Entire home/apt;271;5;0;;;1;345;0;0363 4461 C63F D344 4076
1405129221485641203;Sunny & charming apartment;15523143;Caroline;De Baarsjes - Oud-West;52.3669900393438;4.875761333169325;Entire home/apt;297;10;0;;;1;264;0;
1405179315066052190;Oud-West canal front apartment;691444209;Chao-Yin;De Baarsjes - Oud-West;52.360556115450656;4.8578657151636735;Entire home/apt;204;5;0;;;1;323;0;0363A917105D91A91F16
1405580952002890361;Comfortable and chic hotel room near parks;691588332;Marco;Watergraafsmeer;52.3330676;4.920741;Private room;226;1;25;2025-09-08;5.43;4;108;25;Exempt
1405633307546665191;Great family apartment Amsterdam;195942611;Bun & Ben;Watergraafsmeer;52.35192;4.93631;Entire home/apt;405;7;0;;;1;306;0;0363 45CC 407E A323 2A56
1405728721321630927;Stadsstudio bij de grachten;69462190;Matthew;Centrum-Oost;52.36301;4.88325;Entire home/apt;156;1;0;;;1;79;0;0363 82AA 9D33 0ECC 85CF
1405741151253474683;Weesperzijde/ Pijp Appartment;108682717;Helena;Oud-Oost;52.35572;4.90775;Entire home/apt;225;4;0;;;1;100;0;0363 A589 B2D5 3D20 B26E
1405927930993711179;Penthouse Museumplein;3601944;Jacob;Zuid;52.35503;4.87185;Entire home/apt;342;4;1;2025-05-05;0.23;3;66;1;0363 C056 3A1B 869C 927E
1405996240677501992;Modern central flat with view;54706255;Jordan;Centrum-West;52.36825;4.89395;Entire home/apt;257;2;1;2025-08-12;1;1;352;1;0363 0DA1 BD9F 9226 75E8
1406342184177956271;Spacious Apt Amsterdam West;112904782;Niels;Bos en Lommer;52.37899;4.85656;Entire home/apt;262;3;5;2025-07-14;1.14;1;264;5;0363 B0DC 5D0B 1949 D700
1406362665345171710;"Brand new boat city center amsterdam ""Dol""";677835907;Folkert;Centrum-West;52.384277505325905;4.894356151589947;Entire home/apt;225;3;13;2025-08-23;3.20;13;44;13;Exempt
1406390954230333663;Local houseboat city center 'betel';677835907;Folkert;Centrum-West;52.38516;4.8939;Entire home/apt;177;3;15;2025-08-27;3.44;13;33;15;Exempt
1406468676746273013;Local houseboat center 'capel';677835907;Folkert;Centrum-West;52.384268746792515;4.894365003073533;Entire home/apt;157;3;11;2025-08-24;2.66;13;42;11;Exempt
1408593696645916644;Sfeervol huis in Amsterdam!;207937731;Brecht;De Baarsjes - Oud-West;52.370347652562806;4.861184474909594;Entire home/apt;176;6;1;2025-06-02;0.29;1;87;1;0363 90D1 9681 5868 EAEC
1408688992647946472;Penthouse with Rooftopterras;101258285;Kenny;Zuid;52.344290029573706;4.86455350370484;Entire home/apt;304;2;3;2025-08-17;1.20;1;46;3;0363 FEBE 3E6C B851 AF38
1408702906500641523;Amazing family house at Bloemgracht 30;239069851;Hendrik;Centrum-West;52.37628774152139;4.883181737565109;Entire home/apt;1215;2;0;;;2;364;0;0363 2CCC 0F89 DB9C 6655
1408800635883603953;Cosy apartment in De Pijp;55794605;Margot;De Pijp - Rivierenbuurt;52.3561947;4.8888622;Entire home/apt;198;7;4;2025-08-12;0.90;1;135;4;0363 10FA 0DC8 5E70 126E
1408824064964092927;2 bedroom apartment with garden;4398501;Martin;De Baarsjes - Oud-West;52.36047;4.85323;Entire home/apt;500;3;0;;;1;365;0;0363CE2D5F91C0613CD3
1409167538649492138;Stijlvol appartement met balkon;315318222;Noortje;De Baarsjes - Oud-West;52.36913;4.86801;Entire home/apt;277;1;0;;;1;71;0;
1409286828513560623;Cozy room in the green of A-dam -2;76161984;Maggie;Geuzenveld - Slotermeer;52.37496468381856;4.831507378686959;Private room;99;2;1;2025-05-07;0.23;3;217;1;0363 7795 975A 8E45 710E
1409376906221596485;Amsterdam-West Erasmuspark;15424301;Bernard;Bos en Lommer;52.37727;4.85379;Entire home/apt;122;6;2;2025-08-28;0.67;1;71;2;0363 F78E A32C 7039 9F15
1409379320555720804;Bright Loft - Amsterdam Center;112936171;Teun;Centrum-Oost;52.36296;4.88565;Entire home/apt;381;1;2;2025-08-26;1.50;1;253;2;0363 F5F5 8A91 564B 91C8
1409467243246012278;Ruim appartement met dakterras;396972465;Alexander;Westerpark;52.37896;4.87433;Entire home/apt;270;3;3;2025-08-31;3;1;20;3;036371FBCCA249B9F297
1409553567967724228;Sunny Luxury in Heart of Amsterdam - Large Garden;17713451;Sophie;Zuid;52.34989;4.85449;Entire home/apt;237;3;4;2025-09-05;1.18;1;90;4;0363 00F1 24A5 DA36 5064
1410255655855031173;Houseboat Amsterdam North with blooming garden;32247046;Anna Sophie;Noord-West;52.41247091147418;4.904871564095935;Entire home/apt;180;10;0;;;1;31;0;
1410681889648233992;New houseboat city center 'Born';677835907;Folkert;Centrum-West;52.384270274240514;4.894375609787001;Entire home/apt;181;3;14;2025-08-11;3.39;13;38;14;Exempt
1410702780534537097;Orginal dutch houseboat city center 'WIE';677835907;Folkert;Centrum-West;52.38426045151815;4.8944775337295665;Entire home/apt;187;3;10;2025-08-25;2.63;13;37;10;Exempt
1410762203134600486;Stylish Dublex Apartment in Amsterdam;692938574;Sultan Selin;Centrum-West;52.38250849042898;4.8892154217040895;Entire home/apt;227;3;0;;;1;148;0;0363 4D40 18DA AE62 E624
1410771583592623448;Orginal dutch houseboat city center 'ZIJ';677835907;Folkert;Centrum-West;52.38426699999999;4.894558;Entire home/apt;176;3;19;2025-08-27;4.52;13;38;19;Exempt
1411458988395674036;Authentic houseboat city center;677835907;Folkert;Centrum-West;52.38426699999999;4.894558;Entire home/apt;152;3;10;2025-08-11;2.40;13;35;10;Exempt
1411515607335003061;Appartement Amsterdam de pijp;692930009;Nathan;De Pijp - Rivierenbuurt;52.35381;4.89726;Entire home/apt;205;2;6;2025-07-23;1.59;1;121;6;0363 F75D 50F3 09CD D1A1
1412235976610501068;Lovely home with sunny garden in Amsterdam-Noord;17992415;Joppe;Noord-West;52.41089;4.89823;Entire home/apt;284;3;1;2025-09-08;1;1;358;1;0363 E6B6 AB69 CB8E 5E74
1412274480573642302;Canal View & Pillow Dreams;693303113;Elvira Maria Henriette;Zuid;52.35049;4.85316;Entire home/apt;155;2;1;2025-07-24;0.60;1;292;1;036330AB691E11FD2944
1412311987458740496;Sunny apartment on the canal !;10809637;Ourania;De Baarsjes - Oud-West;52.3627906;4.8614036;Entire home/apt;216;2;0;;;1;313;0;0363 C593 EACF BF0B 3FA3
1413110984454431667;Appartment with Cat therapy at vibrant De Pijp;523224029;Archil;De Pijp - Rivierenbuurt;52.35758849353763;4.896925329125741;Entire home/apt;308;4;5;2025-07-27;1.81;1;5;5;1474 1G39 C3D9 431E B9C4
1413494389112920096;Rustige dijkwoning op 10 minuten van het centrum;8283523;Fen;Noord-Oost;52.39357964928531;4.933238891183661;Entire home/apt;270;4;0;;;1;345;0;0363 5D42 5680 366E E13A
1413552415985832372;Houseboat Amsterdam (with captains cat);7361259;Bas;Oostelijk Havengebied - Indische Buurt;52.3705181;4.942028400000001;Entire home/apt;225;4;4;2025-08-08;2.26;1;68;4;0363F3D356298B070745
1413802933819261065;In the heart of Amsterdam;478126905;Sebastiaan;Centrum-Oost;52.3614577;4.889870699999999;Entire home/apt;363;2;0;;;1;5;0;0363 D8C1 324D C087 55FB
1414350312696812334;Canal House in Amsterdam;473826683;Kelly;Centrum-Oost;52.361926;4.895757199999999;Entire home/apt;495;5;3;2025-09-08;1.91;1;238;3;0363 660E 24FC 82BE 7047
1414398643404541576;Cozy apartment with terrace near city center;18987713;Julia;De Baarsjes - Oud-West;52.36644;4.87158;Entire home/apt;214;4;2;2025-06-29;0.74;1;253;2;0363 1CAC 3594 D4A3 B4BB
1414449812598479156;Charming Apartment in Vondelpark;468630698;Matias;De Baarsjes - Oud-West;52.357675251696165;4.859550200000018;Entire home/apt;248;2;3;2025-07-07;0.79;1;291;3;0363 2E87 AA13 8B3C 0F16
1414459009590791832;Charming renewed North Stay, close to city center;9137095;Roos;Oud-Noord;52.3956853;4.9165461;Entire home/apt;212;4;4;2025-07-25;1.97;1;4;4;0363 1F46 C8AE 7A4F 75D8
1414505981199117636;Appartement in Jordaan (Amsterdam-Centrum);693871137;Anouk;Centrum-West;52.3714255;4.8795003;Entire home/apt;303;2;2;2025-07-13;0.65;1;262;2;0363 4411 E690 8494 784A
1414525925630862673;Elegant Studio on the Canal Ring;65404297;Otto;Centrum-Oost;52.364319031949165;4.888646046680676;Entire home/apt;270;1;4;2025-08-25;0.97;1;353;4;0363 0180 8973 2049 6308
1414573503320617491;Luxury Apt w/ Garden in De Pijp;113094717;Steve;De Pijp - Rivierenbuurt;52.35528;4.89269;Entire home/apt;268;2;3;2025-06-24;0.87;1;31;3;0363 C4CB 62DA A73F CAFA
1414588568689044822;Charming, light 1-bedroom apartment 50m2;422283670;Christiaan;De Baarsjes - Oud-West;52.37253128861524;4.8522163824249125;Entire home/apt;139;3;4;2025-07-20;1.07;1;43;4;0363 6669 98B4 F1A4 E8C7
1414652150010500087;Cosy studio in hartje Jordaan;160626123;Amy;Centrum-West;52.375187549560785;4.8811562503588;Entire home/apt;333;6;4;2025-06-22;1.03;1;179;4;03634754F5239AA07E08
1415024807452985450;2 rooms in Amsterdam city villa, close to centre.;455302001;Erwin;De Aker - Nieuw Sloten;52.3424581;4.8221738;Private room;136;3;12;2025-09-07;3.91;3;24;12;0363 CEB0 177A F1BD 666C
1415083463051203553;light and modern apartment in trendy oost;9678403;Leonie;Oud-Oost;52.35424;4.92525;Entire home/apt;280;1;0;;;1;307;0;
1415243157452093261;Luxe grachtenpand Amsterdam;693854626;William;Centrum-West;52.3657257;4.8840603;Entire home/apt;390;3;6;2025-08-13;2.14;1;14;6;0363 2E9A AC38 8E4B 887E
1415648492302699532;Apartment with Canal view;158286631;Dean;Centrum-Oost;52.36233969501291;4.8893401534423875;Entire home/apt;329;5;2;2025-08-31;2;2;323;2;0363 8ED2 FC48 4957 4B06
1416032343320648278;Cozy, centrally located apartment;23886398;Thijn;De Pijp - Rivierenbuurt;52.35238725274428;4.901575717316356;Entire home/apt;198;3;1;2025-05-25;0.27;1;333;1;0363 3D95 0340 5BCE 9BF3
1416053061290736499;Apartment next to Vondel Park;482723063;David;De Baarsjes - Oud-West;52.3579848143043;4.8590848220901695;Entire home/apt;136;3;1;2025-07-13;0.49;1;127;1;0363 132C 0E27 B0D9 D6D0
1416096734929913721;Grachtenpand in de Jordaan;185372087;Loys;Centrum-West;52.36947;4.87699;Entire home/apt;300;3;1;2025-08-25;1;1;154;1;0363 2BB0 0D12 425B 9BEF
1416504341152859897;Apartment with quiet and relaxing garden;444891721;Lotte;De Baarsjes - Oud-West;52.35966510469024;4.861612090767468;Entire home/apt;169;3;1;2025-08-25;1;1;48;1;0363 C296 4C63 AB95 E935
1416715505310450747;Cosy apartment in Amsterdam West;49419094;Marrit;De Baarsjes - Oud-West;52.36890250281224;4.85525270113843;Entire home/apt;56;1;1;2025-09-06;1;1;103;1;0363 A92A 750D 4B84 04B5
1417116201098166762;Peaceful Stay Near City Center;61115287;Floris;Zuid;52.35154;4.84733;Entire home/apt;140;10;1;2025-06-15;0.34;1;138;1;0363 47B7 427A CD19 5D53
1417146927247265342;B&B Compass Amsterdam;191051605;Menno;Bijlmer-Centrum;52.32;4.94651;Private room;147;1;6;2025-08-03;1.58;1;344;6;0363 2D75 4049 1717 0B73
1417256197073739279;NEW: Ground floor apartment |4P| @De Pijp;1395778;Brigitte;De Pijp - Rivierenbuurt;52.35253;4.88804;Entire home/apt;271;3;3;2025-08-21;1.80;1;45;3;03632698D763647A3711
1417282097962195281;Cosy old Amsterdam house;33820868;Dirk;De Aker - Nieuw Sloten;52.34171105915936;4.796983483716329;Entire home/apt;153;4;5;2025-08-18;1.60;1;10;5;0363 FC49 71AB FF12 A9F7
1417286035164892119;Family home Amsterdam Zuid/South;95163265;Brandie;Buitenveldert - Zuidas;52.34235674732713;4.869404037779882;Entire home/apt;740;7;0;;;1;283;0;0363 9F08 730D E40F 985C
1417353615448153631;Light-Filled Loft In City Center;142684786;Maurits;Centrum-Oost;52.36863;4.92812;Entire home/apt;180;5;1;2025-06-13;0.33;1;342;1;0363 4990 2BC1 B01B F042
1417366525281121800;Casa di Luce;70349621;Bart;Oud-Oost;52.355441149757475;4.914832524955273;Entire home/apt;335;5;11;2025-09-01;2.95;1;120;11;0363 5E58 F2E0 5BED BD6A
1417410294239900416;Beautifully designed home in Amsterdam-NDSM;4480511;Denise;Noord-West;52.414947359840596;4.88252766430378;Entire home/apt;261;3;5;2025-09-07;2.00;1;89;5;0363 9A92 690E 2E79 221F
1417587560597111126;Center center;12412954;Joost;Centrum-Oost;52.36947143645145;4.897739142179489;Entire home/apt;405;3;0;;;1;311;0;0363 7108 FECB E206 3A9B
1417837853606428251;Rustig privé appartement aan het water;694694207;Yvonne;Centrum-Oost;52.3706;4.90589;Entire home/apt;201;20;2;2025-08-24;2;1;351;2;0363 B3D1 8C0E C547 E45D
1418032217006317616;Amazing house with garden in De Pijp;656399092;Melissa;De Pijp - Rivierenbuurt;52.3516936;4.8876271;Entire home/apt;500;2;6;2025-09-05;1.80;1;249;6;0363 DDAE 3339 2F8E 2463
1418069926970129172;Modern Amsterdam Apartment with Rooftop Terrace;262182639;Cobus;De Baarsjes - Oud-West;52.36122780144455;4.8642411502476985;Entire home/apt;482;3;3;2025-06-22;0.84;1;261;3;0363 8ABE EE15 E5A2 EBE5
1418099619572859229;Appartement in Amsterdam-West;154649067;Mathijs;De Baarsjes - Oud-West;52.372435768413744;4.8490726546974905;Entire home/apt;162;3;0;;;1;13;0;
1418239640146203458;Stijlvol appartement Amsterdam Baarsjes;479472326;Mike;De Baarsjes - Oud-West;52.37298;4.85726;Entire home/apt;203;2;0;;;1;123;0;0363 8AA5 47FD CD44 F249
1418748938017152464;Dijk Loft Amsterdam North;34680505;Natalia;Oud-Noord;52.3905;4.93685;Entire home/apt;257;1;2;2025-06-29;0.73;1;61;2;0363 893A 1EA6 1B1C 186D
1418750704712820470;Amsterdam Home with Garden;97942942;Caroline;De Pijp - Rivierenbuurt;52.346739123777326;4.887512930425809;Entire home/apt;157;1;0;;;1;12;0;0363 BC7A B06D 3DA3 1442
1418771437634123445;Sunny garden apt, good location;214625972;Anna Hermina;De Pijp - Rivierenbuurt;52.344839005123085;4.8995494578468515;Entire home/apt;257;1;5;2025-08-11;3.49;1;23;5;0363 2AEE 1128 7011 23B2
1418825292859945880;Great stay;83536060;Seweta;Osdorp;52.35314208262261;4.787973091006279;Private room;108;2;3;2025-08-03;1.48;1;254;3;0363 446A F7AE C8B0 3D45
1419331810188065976;Unieke plek met dakterras op woonark in Amsterdam;695032667;Paul;Oud-Noord;52.38764;4.90567;Entire home/apt;162;1;5;2025-08-24;1.83;1;27;5;0363 C3FB 8C0D 1C87 950D
1419418859520059008;Spacious city home;6530075;Bram;Bos en Lommer;52.37886;4.84121;Entire home/apt;264;3;0;;;1;222;0;0363 1F79 8A92 8ED4 4D08
1419444725550580689;Ruim familie appartement;107733901;Camiel Manuel;Noord-Oost;52.39504;4.95454;Entire home/apt;144;2;2;2025-08-05;0.73;1;230;2;0363 C901 6E34 7B3C BA7A
1419495126024965688;Two floor house with front & backyard & jacuzzi;818479;Keja;Oud-Oost;52.36127578915508;4.924687631428242;Entire home/apt;403;4;0;;;1;365;0;0363 915F DDE7 7F57 9EC4
1419509118126153908;Penthouse in family area;9400664;Martine;IJburg - Zeeburgereiland;52.374117056703675;4.968685247004032;Entire home/apt;225;4;0;;;1;338;0;
1420060559559528537;Elegant Apartment near Oosterpark;198405490;Suzanne;Oud-Oost;52.35473259455209;4.915857793319564;Entire home/apt;350;3;11;2025-08-14;2.89;18;144;11;0363 BA89 2BB8 972C C655
1420098407032879883;Cute Studio in Jordaan | Bright, Chic & All Yours;418731169;Laura;Centrum-West;52.37368974468759;4.880540417963975;Entire home/apt;190;4;4;2025-08-06;1.17;1;333;4;0363 A348 A0A2 BE55 04E8
1420116933309160050;Sfeervol huis met tuin.;695235241;Thecla Wilhelmina Hendrika;De Pijp - Rivierenbuurt;52.347173666599446;4.900744106229111;Entire home/apt;230;3;0;;;1;104;0;0363 C9CA EBFD 4917 D74B
1420182813483999493;Comfortable boat city center 5;677835907;Folkert;Centrum-West;52.3842539030354;4.894418525131239;Entire home/apt;185;3;8;2025-08-19;2.09;13;42;8;Exempt
1420227295105738572;Prachtig licht & ruim appartement op toplocatie;2925797;Saskia;Noord-West;52.41110210728715;4.9218864440717915;Entire home/apt;124;3;2;2025-08-30;2;1;80;2;0363 3E1A C4A4 401A 8D53
1420360441036863223;Gezellig appartement met tuin;100368388;Eline;Westerpark;52.3820928;4.872665599999999;Entire home/apt;204;3;1;2025-09-01;1;1;252;1;0363 9C17 DA17 78CB BFB3
1420472528942414644;Peaceful apartment with private garden;54024037;Noëlle;Oud-Oost;52.353576369297066;4.919523226576078;Entire home/apt;162;2;1;2025-06-09;0.32;1;36;1;0363 61E9 4295 D4C9 95D3
1420474455829583466;Centrally located Apt w/ garden;9735009;Jouke;De Pijp - Rivierenbuurt;52.35375;4.90261;Entire home/apt;198;12;0;;;1;119;0;0363 D0DF 7481 23CF EEFB
1420851585932826146;Spacious 2 bedroom flat Amsterdam Zuid;7335341;Lowana;De Pijp - Rivierenbuurt;52.34101;4.89834;Entire home/apt;636;1;3;2025-08-23;1.20;1;249;3;0363 B6C1 02FC 21B1 7CF4
1420974103255398455;Trendy De Baarsjes Apartment – Great Location;183668265;Lizné;De Baarsjes - Oud-West;52.37025;4.85339;Entire home/apt;307;2;4;2025-08-10;1.17;1;24;4;0363 2F5A 5BE2 E410 E30B
1421115819779479903;Cozy stay with garden in De Pijp;57722;Ekaterina;De Pijp - Rivierenbuurt;52.35194;4.88857;Entire home/apt;220;4;2;2025-07-02;0.62;1;315;2;0363 45AD 1C54 CA8C 9C45
1421135147179981600;stijlvol luxe appartement op de begane grond;4198054;Nora;Oud-Oost;52.3558281;4.908161799999999;Entire home/apt;272;3;0;;;1;315;0;0363A0868CCAFBBD0B44
1421184256572539337;Amsterdam Noord;33019459;David;Oud-Noord;52.388083294849;4.914838450926227;Entire home/apt;373;1;0;;;1;194;0;0363 8EF7 6F00 1C4A 2B9B
1421574712349058765;Woning + dakterras;82270517;Maud;Oostelijk Havengebied - Indische Buurt;52.36541615595085;4.934931095724669;Entire home/apt;180;2;1;2025-08-31;1;1;34;1;0363 BA25 D437 6BC9 7296
1421645648719269544;Quiet area close to the Museums;134499208;Oscar;Zuid;52.3524;4.88527;Entire home/apt;164;2;3;2025-07-04;0.82;1;4;3;0363 815F 11EF A0E3 26CC
1422279556670252950;Charming spacious apartment near Vondelpark;48141941;Simone;De Baarsjes - Oud-West;52.362871418687064;4.853557310755325;Entire home/apt;442;3;2;2025-08-27;0.98;1;348;2;03631B27861297F10001
1422456196358922203;Rooftop Terrace Apartment;39221996;Dirk-Jan;De Pijp - Rivierenbuurt;52.34535;4.89027;Entire home/apt;386;2;4;2025-09-10;1.43;1;243;4;0363 40DF 3AD7 E359 0FD5
1422463174342146050;Charming apartment in 'De Pijp';18320609;Fiore;De Pijp - Rivierenbuurt;52.353035643674744;4.904656384655781;Entire home/apt;156;3;3;2025-06-23;0.93;1;11;3;0363F3A19D02F1730FCA
1422495603444859839;A cosy gem in Amsterdam-Noord;311540043;Kaiyo Elaisja;Noord-West;52.40848982143754;4.920722720352598;Entire home/apt;147;2;3;2025-08-31;2.25;1;87;3;0363 B455 E401 8E72 3E4B
1422581789279885478;Herengracht canal house;695691915;Claudia;Centrum-West;52.372358;4.887414;Entire home/apt;689;2;3;2025-07-23;1.17;1;34;3;0363 FA32 91ED FF53 F7F6
1422582012627830267;appartement in De Pijp;158536037;Floor;De Pijp - Rivierenbuurt;52.352779274899426;4.887966938675739;Entire home/apt;180;9;0;;;1;18;0;0363 538F 8414 A8CF 9666
1422697249374034208;NEW! Beautiful apartment, perfect location!;56813183;Marlous;Centrum-West;52.38052;4.88229;Entire home/apt;285;1;2;2025-08-31;2;1;47;2;0363 F5BE 7028 1B45 7CB6
1423036020426743905;Garden Apartment in De Pijp;483329224;Annika;De Pijp - Rivierenbuurt;52.35292;4.89354;Entire home/apt;495;1;0;;;1;362;0;0363 E180 C34D 7665 9B9E
1423364186753703992;Cozy Jordaan | 2BR apartment;83711790;Kai;Centrum-West;52.37703203136279;4.880686951268033;Entire home/apt;335;1;2;2025-08-26;2;1;340;2;0363 9758 5A86 583D C0C4
1423745961814383090;Stijlvol verblijf Amsterdam-Oost;138754026;Gillis;Oostelijk Havengebied - Indische Buurt;52.3630944477927;4.93289930977779;Entire home/apt;162;2;2;2025-08-17;1.62;1;23;2;0363 A2C7 D79E 3B41 F610
1423753802724847032;Spacious Design Apartment;84403409;Rogier;De Pijp - Rivierenbuurt;52.3446223063148;4.9048203338467955;Entire home/apt;250;6;0;;;1;68;0;0363 9A4A 27D3 D07E 5A77
1423884750627150399;Sfeervol apt +balkon bij Jordaan;45527837;Noah;Westerpark;52.37762837228069;4.876405357217126;Entire home/apt;550;4;2;2025-07-12;0.85;1;358;2;0363 5D3A 19B2 00BB 2287
1423894053240492052;Spacious appartment 'de Pijp';7843658;Ellen;De Pijp - Rivierenbuurt;52.34951599999999;4.888102;Entire home/apt;228;4;4;2025-08-24;2.67;1;9;4;0363 9E53 B601 3ED4 014D
1424018428316522320;Duplex loft right in the center;175435699;Leander;Oostelijk Havengebied - Indische Buurt;52.3593;4.94091;Entire home/apt;163;4;3;2025-08-26;1.38;1;259;3;0363 06BF 58F6 4F9E 8934
1424435280433781366;Appartement naast het Vondelpark;143109202;Anne;De Baarsjes - Oud-West;52.36088;4.85998;Entire home/apt;221;4;0;;;1;14;0;0363 E7FB C3A3 4F40 DE35
1424694314889326315;Private Room by Arena Metro;469148913;William;Bijlmer-Centrum;52.31741538345169;4.947008167878822;Private room;97;2;3;2025-08-22;1.45;1;359;3;0363 38AD 31B2 F489 8550
1424778423028757946;Luxe & Rust in De Pijp, Centrum;577468964;Victor;De Pijp - Rivierenbuurt;52.3559;4.9031;Entire home/apt;431;2;0;;;1;39;0;
1425122367186859927;Appartement in Amsterdam oost;26431993;Mijke;Watergraafsmeer;52.35470266427916;4.928270281950202;Entire home/apt;249;2;0;;;1;102;0;0363E4DF24E82F5709E8
1425268623735252296;Cute apartment de Pijp!;264670286;Roy;De Pijp - Rivierenbuurt;52.35706;4.89227;Entire home/apt;219;2;0;;;1;151;0;0363 A6BF C083 467E 8B5B
1425285265830987806;Stylish & Spacious Duplex with Rooftop terrace;12491964;Yann;Westerpark;52.3743924;4.873366499999999;Entire home/apt;196;2;5;2025-08-25;1.60;1;13;5;0363 6AEC 2693 B1A0 EB04
1425878283916958136;Bright & Stylish Groundfloor Apt;276762598;Danie;De Pijp - Rivierenbuurt;52.34396;4.89365;Entire home/apt;180;4;0;;;1;12;0;0363 B755 C05C E40C B772
1425900523584983607;Luxe boven appartement Amsterdam;135036937;Casper;Oud-Oost;52.35676393044886;4.9109808278370695;Entire home/apt;415;3;5;2025-08-27;1.46;1;351;5;0363 617A BB71 C7DF ED64
1426001040685189825;Charming sunny apartment in Amsterdam;60189505;Anouk;Oostelijk Havengebied - Indische Buurt;52.362787632132;4.931637282863874;Entire home/apt;176;1;3;2025-09-02;1.23;1;5;3;0363 2451 3622 7CC0 8BFC
1426163074730865782;Apartment Rooseveltlaan (10 min walk to RAI);14649569;Chris;De Pijp - Rivierenbuurt;52.3436641;4.899548999999999;Entire home/apt;342;2;1;2025-07-19;0.55;1;194;1;0363 34D1 E34C C6FF C321
1426252314078131677;Authentiek grachtenpand;563392500;Guus;Centrum-West;52.37664239999999;4.890946599999999;Entire home/apt;329;4;3;2025-08-08;1.80;1;77;3;0363 39A3 0CBF DB6E 4284
1426659894467082803;Central & Cozy Walk to All Attractions! Dam 400mt;210304467;Elisa;Centrum-West;52.36902;4.89523;Entire home/apt;260;2;5;2025-07-18;1.56;1;311;5;0363 7BD3 8EC6 3052 568B
1426966173729206254;Family home, 15 min to center;4898273;David;Noord-Oost;52.4059508;4.9351386;Entire home/apt;221;2;2;2025-08-16;1.58;1;7;2;0363 F818 8619 8A4F 7120
1428027801816583834;Nieuw Appartement Hart Amsterdam;144045413;Nikky Alice;Centrum-West;52.3763902;4.8924938;Entire home/apt;373;1;1;2025-06-08;0.31;1;232;1;0363 C8B0 A2AA 4B2F BD7C
1428055222650472063;Modern, bright flat on Zeeburgereiland, Amsterdam;46836221;Vítor Vasco;IJburg - Zeeburgereiland;52.374488158469646;4.965134002268314;Entire home/apt;146;3;1;2025-07-03;0.42;1;5;1;0363 B822 5F61 F196 8C95
1428750324958983197;Family home in Amsterdam;26470949;Lobke;Watergraafsmeer;52.34325102867299;4.927094198062373;Entire home/apt;148;30;0;;;2;235;0;0363 0A0A B6D1 E086 0581
1428782560730062515;Sunny and cozy family apartment in Amsterdam-West;38593595;Christiaan;Bos en Lommer;52.37801;4.84957;Entire home/apt;180;7;1;2025-07-20;0.56;1;109;1;0363 00D6 D153 87D9 DE73
1428882394047830626;Prachtig grachtenhuis met tuin;384238010;Robert;Centrum-Oost;52.36115766684057;4.890121021577369;Entire home/apt;907;2;0;;;1;47;0;0363 EE10 4342 9DC2 94D5
1428992096586360878;Luxury apartment with rooftop terrace (110m2);158831746;Nicole;De Pijp - Rivierenbuurt;52.351524;4.889497500000001;Entire home/apt;625;3;4;2025-08-20;1.76;1;80;4;0363FD6720B4C1B607BF
1429012086815900207;Central Station Apartment k;575172686;Andrea;Centrum-West;52.37512;4.89428;Entire home/apt;154;1;10;2025-08-18;3.45;2;30;10;ABCD1234AB1289EFA0F9
1429043523617079686;Stylish apartment with terrace;51341087;Arie;Bos en Lommer;52.37636958783848;4.850315629683262;Entire home/apt;203;2;5;2025-08-24;2.05;1;40;5;0363 9E8D E587 DB49 1FC9
1429080809557370262;Beautiful home - roof terrace;2673818;Georgina;De Baarsjes - Oud-West;52.36903307106176;4.867325404515374;Entire home/apt;180;3;1;2025-07-06;0.44;1;129;1;0363 31E5 1F54 14CB FF7E
1429101549016263414;Sunny 2BR w/ Balcony & Parking;153202254;Çağdaş;Slotervaart;52.35955716521497;4.839377332878981;Entire home/apt;195;4;1;2025-06-28;0.39;1;20;1;0363 9010 9144 FEE2 3A22
1429721286703163906;Amsterdam City Views - close to the Centre;697642796;Indra;Noord-Oost;52.38267;4.96493;Entire home/apt;149;2;1;2025-09-05;1;3;321;1;Exempt
1429820388361332734;Stadsappartement met dakterras;66939322;Celine;Zuid;52.356638226333246;4.853498480431946;Entire home/apt;339;2;2;2025-08-31;1.00;1;295;2;0363 D119 621E 08F0 5599
1429864984622692469;Amsterdam city views;697642796;Indra;Noord-Oost;52.3838549;4.962746399999999;Entire home/apt;107;2;4;2025-09-07;4;3;321;4;Exempt
1429918315797677453;Charming 19th-Century Apartment in Oud-West;46214474;Jimmy;De Baarsjes - Oud-West;52.36504;4.86562;Entire home/apt;245;5;1;2025-06-11;0.32;1;74;1;0363 27DB 7C7A 1C8A FB4D
1430245793729444109;Charming Apartment in City Centre;198405490;Suzanne;De Pijp - Rivierenbuurt;52.35482706522285;4.8905433723728855;Entire home/apt;242;13;0;;;18;298;0;0386 C6BD DC5C B2F4 685B
1430624365692676763;Dicht bij Centraal;87718033;Anouk;Westerpark;52.38332880000001;4.8741217;Entire home/apt;176;2;2;2025-08-23;0.59;1;7;2;0363CC21F5A7A906210A
1430896389902756747;Ruim, licht appartement in Amsterdam Zuid;878176;Rosanne;Zuid;52.34546;4.84628;Entire home/apt;232;4;0;;;1;37;0;0363 2FCA 394A 52CB 6ECB
1431234384523739805;Sunny Apartment with Unique Touches;120036005;Bente;Westerpark;52.38493;4.87355;Entire home/apt;180;3;4;2025-08-04;2.11;3;12;4;0363 D282 FA27 459F 7A3A
1431892082921861135;West: terras & Jordaan om hoek;203529722;Bibi;Westerpark;52.37813;4.87277;Entire home/apt;207;3;2;2025-07-16;0.81;1;344;2;0363 4DA5 47A6 2DA6 E5B6
1432423429531393037;Studio aan het IJ met gratis fietsen;506576458;Judith;Oostelijk Havengebied - Indische Buurt;52.37361;4.94561;Entire home/apt;136;2;7;2025-08-31;2.26;1;328;7;03637A8348C30975F963
1432445654204565915;Luxe Grachtenpand, Centrum Amsterdam;220520732;Roos;Centrum-West;52.36852;4.88645;Entire home/apt;390;5;1;2025-08-18;1;1;49;1;0363 D9AB 67A9 A15F 2136
1432679661900567649;Great located and comfortable 3BR near Vondelpark;39110511;Mike;Zuid;52.353147549498324;4.849267779124972;Entire home/apt;299;1;1;2025-07-20;0.56;35;11;1;0363 B5BA AB1F 4F08 9800
1432683161808343023;Bright 2 BR apt. with bathtub and balcony;39110511;Mike;Oud-Oost;52.36397;4.93104;Entire home/apt;210;1;0;;;35;69;0;0363 6F74 7095 6662 8FD7
1432777880120886925;Gezellig privé-appartement;80189823;Pien;Westerpark;52.37525919859619;4.870881512761116;Entire home/apt;286;1;0;;;1;272;0;0363 D82B D94A 694B 749A
1433055178645871688;Two floor apartment near Jordaan with rooftop;1932863;Tamilla;Westerpark;52.3837126;4.870511;Entire home/apt;215;1;2;2025-06-30;0.58;1;59;2;0363 5252 E620 51C3 E60A
1433137167936309212;Ruim en licht appartement;653393892;Estelle;De Pijp - Rivierenbuurt;52.34787;4.89893;Entire home/apt;298;2;0;;;1;354;0;0363 8206 3E60 B8AD 1F7B
1433255082147473107;Stijlvolle, ruime woning;10844429;Daniël;Noord-West;52.40495;4.90244;Entire home/apt;263;3;0;;;1;91;0;0363 C1E5 97B2 8F82 1087
1433344616493602823;Parkside family home;3091108;Duco;Oud-Oost;52.36074987730407;4.925503966097913;Entire home/apt;624;7;0;;;1;363;0;0363 173D 37E9 712B 4188
1433825410927454179;Double guestroom Rai Centre 4max;698662358;Sander;De Pijp - Rivierenbuurt;52.34190970175727;4.905696996245856;Private room;192;2;0;;;3;313;0;03636DE4ED138D9647CF
1433839824283399502;Cosy room bathroom Rai Centre;698662358;Sander;De Pijp - Rivierenbuurt;52.34055383425491;4.907867234798458;Private room;96;2;0;;;3;319;0;03636DE4ED138D9647CF
1433842555379649641;Bigroom Rai Centre silent room;698662358;Sander;De Pijp - Rivierenbuurt;52.34152969362815;4.907893495999133;Private room;104;2;0;;;3;338;0;03636DE4ED138D9647CF
1433952827826336399;Lichte Woning in Stadsdeel Oost;551884505;Frederike;Oostelijk Havengebied - Indische Buurt;52.361013097195155;4.935181597768307;Entire home/apt;206;3;0;;;1;340;0;
1434071781099470070;Appartement 2 verdiepingen en dakterras;24627613;Sybren;De Baarsjes - Oud-West;52.3664944;4.8544608;Entire home/apt;284;3;2;2025-08-25;1.87;1;253;2;0363 A6B9 A141 7C30 4D9F
1434076664026033458;Luxe woning Amsterdam-Zuid;223608666;Anne;De Pijp - Rivierenbuurt;52.34757;4.89993;Entire home/apt;280;3;0;;;1;262;0;
1434077107636110417;Newly renovated Family-Friendly Riverside Home;7945954;Michael;Oud-Oost;52.35374368460049;4.909526277246088;Entire home/apt;620;3;2;2025-08-08;1.28;1;115;2;0363 4E71 40D6 130F FF08
1434156608992715452;Woning met ruime tuin in West;121863909;Pomme;De Baarsjes - Oud-West;52.36775999287332;4.856061577437267;Entire home/apt;405;1;1;2025-08-31;1;1;361;1;0363 6D1B D2C2 AE0A 9255
1434586882411808547;Spacious apartment at the canals in Amsterdam;40319418;Santje Anna;Centrum-Oost;52.36173;4.89808;Entire home/apt;500;1;3;2025-08-17;1.25;1;37;3;0363E0F62B4A6517D0C4
1434655709780474394;Room, Shared Apartment in Amsterdam Noord 2;280028016;Ahmed;Noord-Oost;52.39046;4.96248;Private room;99;1;0;;;2;344;0;Exempt
1434691339443664218;Downtown oasis;683698971;Nathalie;Centrum-West;52.37513495053801;4.900217168033123;Entire home/apt;527;1;1;2025-06-21;0.36;1;365;1;0363 4DA2 1FB5 36A1 2A11
1434721852887539897;Writer's Apartment in Amsterdam Oost;70380039;Katherine;Watergraafsmeer;52.35215;4.93485;Entire home/apt;160;1;2;2025-08-27;1.87;1;72;2;0363 D570 5F53 EF92 4535
1434742018093374275;Sunny apartment with roof terrace!;3654068;Alejandro;Bos en Lommer;52.37514;4.85701;Entire home/apt;315;2;0;;;1;14;0;
1434789574593129880;2 Room, Shared Apartment in Amsterdam Noord 2;280028016;Ahmed;Noord-Oost;52.39215944055063;4.961596626983624;Private room;200;1;0;;;2;342;0;Exempt
1434827345036482290;Zonnige benedenwoning Amsterdam;468657729;Tjarco;De Baarsjes - Oud-West;52.36696;4.85344;Entire home/apt;140;3;1;2025-07-14;0.50;1;4;1;0363 710F ADEB 8FD4 0C98
1434853589737735822;2 cozy rooms & private bathroom in green A-dam;76161984;Maggie;Geuzenveld - Slotermeer;52.376518474443365;4.833036909914079;Private room;171;2;1;2025-08-30;1;3;121;1;0363 7795 975A 8E45 710E
1434886242847812170;Luxe kamer in De Baarsjes;29950130;Jurney;De Baarsjes - Oud-West;52.37423266747312;4.858270470039822;Private room;137;1;2;2025-08-14;0.92;2;253;2;03633903DDC7B881CB02
1434902474901184232;Central house in Amsterdam;495150929;Michele;Westerpark;52.3808872;4.868990999999999;Entire home/apt;167;7;0;;;2;212;0;0363 32A3 51C1 4788 13DF
1434905457476514189;Charming East Side Getaway;11000400;Sabine;Oud-Oost;52.35493;4.91671;Entire home/apt;272;2;2;2025-08-26;2;1;19;2;0363 8DA7 637E CB8B 518E
1434973896441091774;Modern en gezellig, top locatie;15761195;Irene;Watergraafsmeer;52.3521484;4.9234662;Entire home/apt;212;4;0;;;1;69;0;0363 C07A 5E13 2F0E 4457
1435146102797276331;Tiny house on wheels Amsterdam;16575399;Harry And Chantel;Noord-Oost;52.41063393143758;4.961910184655771;Entire home/apt;105;3;8;2025-08-31;2.73;1;283;8;0363 98B0 9D50 EDBF F7D2
1435537622978763794;New Hidden gem near the Pijp and RAI;28327861;Thom;De Pijp - Rivierenbuurt;52.34082;4.90796;Entire home/apt;247;2;0;;;1;253;0;0363 AAA3 9649 67FA F872
1436158308583516755;Family design house  w/garden in A’dam w/bikes;2873709;Alinda;Oud-Oost;52.3538;4.9108;Entire home/apt;361;4;0;;;1;328;0;0363 1E29 2E50 4EA0 269D
1436349606693377675;App. Sint Willibrordusstraat in Amsterdam;297726800;Bram;De Pijp - Rivierenbuurt;52.35507045129131;4.901719322794782;Entire home/apt;200;4;2;2025-08-19;1.54;1;336;2;0363 DD77 0DBE 0F61 6F52
1436732657973970906;Retro-chic, spacious apartment in Plantage quarter;699449583;Laurens;Centrum-Oost;52.3640941;4.9215827;Entire home/apt;206;1;2;2025-07-12;0.88;1;7;2;0363 719D 9164 8C4D 076C
1436854718349569751;Central Rembrandt by Canals, Museums & Nightlife;699474652;Dennis;Centrum-Oost;52.36525;4.89449;Entire home/apt;386;2;2;2025-07-27;0.78;1;345;2;0363 033B 7FC4 5C3A DB9F
1436877415672232812;The Rembrandt - Residence;699481179;Dennis;Centrum-West;52.36709;4.89443;Entire home/apt;990;2;9;2025-08-31;3.60;1;342;9;0363 033B 7FC4 5C3A DB9F
1436960079453084197;Spacious apartment w/ terrace;335628761;Jazz;De Baarsjes - Oud-West;52.36951;4.87036;Entire home/apt;239;2;0;;;1;5;0;0363 A1FB 2C8D 6065 9F30
1437492870456891135;Stylish large apt/with terrace;699642430;Mirte Renée;Watergraafsmeer;52.34726;4.92278;Entire home/apt;258;3;1;2025-07-15;0.51;1;0;1;036374862C87807756B2
1437537156985695248;Cozy 2BR near Jordaan;173532276;Jasmin;Westerpark;52.3834566;4.8747348;Entire home/apt;218;1;14;2025-08-23;7.78;1;1;14;0363DC91137D49B26824
1437601466510408215;New design apartment next to Jordaan;58139080;Anna;Westerpark;52.38442036861138;4.8728976494238605;Entire home/apt;233;4;1;2025-09-02;1;1;336;1;0363650F325D464F5384
1437660079651924451;Chateau Hedwig;576071459;Hedwig;De Baarsjes - Oud-West;52.36756;4.86795;Entire home/apt;500;1;1;2025-06-27;0.39;3;365;1;0363 29DA 9893 0B73 3070
1438232458602781079;Modern flat with the terrace;67529563;Josip;Westerpark;52.3825829;4.8714444;Entire home/apt;180;2;2;2025-09-02;1.54;1;6;2;0363 EE46 28AC 5405 AA18
1438305765990951759;Cosy family appartement;36507330;Thijs;Watergraafsmeer;52.3552087;4.938649799999999;Entire home/apt;403;2;0;;;1;108;0;036373438E86213CA306
1438352520589606821;Stijlvol en ruim appartement;387014252;Fleur;De Baarsjes - Oud-West;52.37159;4.85835;Entire home/apt;258;4;0;;;1;278;0;0363 DE82 C2A8 0A81 7F11
1438458633510448919;Great apartment(private) in popular Oud-West area!;80190371;Martine;De Baarsjes - Oud-West;52.3643158284058;4.855286780692219;Entire home/apt;225;2;1;2025-08-03;0.75;1;31;1;03633966D2B196D62768
1438974835359945492;In the heart of Amsterdam;6477357;Sharron;Centrum-West;52.37181959999999;4.898256;Entire home/apt;192;7;1;2025-08-02;0.73;1;221;1;0363 E6BD 6DB7 B2EB 1124
1438985811935421268;Modern Family Home w/ Lake View;113034;Bronwyn;Geuzenveld - Slotermeer;52.372245;4.820187;Entire home/apt;235;4;3;2025-08-14;2.20;1;15;3;0363 F894 7962 9635 1E11
1439064442564941305;Luxe en licht appartement in grachtenpand centrum;11155354;Linda;Centrum-Oost;52.35949;4.89697;Entire home/apt;259;3;3;2025-09-01;2.57;1;261;3;0363 CBDE 32AD 0312 B5C0
1439173620144409473;Designer flat with balcony next to Westerpark;93668826;Buket;Westerpark;52.38269;4.86803;Entire home/apt;225;2;0;;;1;314;0;0363 CAD9 F5FE B240 36DE
1439691703928579975;villa Amsterdam island;10057725;Anthony;IJburg - Zeeburgereiland;52.36207;4.97965;Entire home/apt;230;31;0;;;1;145;0;Exempt
1439725733832514991;Luxury house with indoor parking;9578379;Celina;Westerpark;52.3946935;4.8803012;Entire home/apt;343;4;1;2025-07-31;0.70;1;120;1;0363 77EC 22D5 D432 899E
1439769659229635113;Charmante jaren 20 woning;74345358;Michelle;Oud-Noord;52.38671;4.91729;Entire home/apt;332;3;0;;;1;158;0;0363 50C8 2FCC B54C F0A3
1439786842018202921;Appartement in Amsterdam;78781078;Deirdre;Buitenveldert - Zuidas;52.32538;4.87843;Entire home/apt;184;3;0;;;1;344;0;0363 8D86 6A08 C1BF D7B8
1439796598279355675;Spacious apartment next to the Amstel river;384542245;Maurice;Oud-Oost;52.35592;4.90727;Entire home/apt;182;3;3;2025-09-05;1.64;1;15;3;0363 E40B 8786 6C36 D57E
1439833174332429132;Jordaans appartement - Amsterdam;3525873;Maud;Centrum-West;52.37343399871576;4.878466603704816;Entire home/apt;335;3;4;2025-09-07;2.14;1;8;4;0363 5B54 EDD1 0926 B887
1439911018805258004;Modern ruim appartement;28739718;Berend;De Pijp - Rivierenbuurt;52.35679690296532;4.901071263263844;Entire home/apt;568;5;1;2025-06-29;0.40;1;354;1;036372B4071B843AB78B
1439929297055799290;Ruim & licht appartement in Amsterdam Zuid;42765016;Freek;Buitenveldert - Zuidas;52.33388;4.87186;Entire home/apt;283;2;2;2025-06-22;0.72;1;2;2;0363 C5EC 1DE6 3F2F 8E33
1439937029499205416;Spacious and Modern Family Home in Old-West;4715970;Emre;De Baarsjes - Oud-West;52.3650704;4.8748827;Entire home/apt;583;4;2;2025-08-17;1.28;1;42;2;0363 BF44 78FC 8453 0682
1439956210938581643;Hidden gem in city centre, private garden;268108489;Maurits;De Pijp - Rivierenbuurt;52.35289299999999;4.89624;Entire home/apt;258;2;1;2025-08-26;1;1;51;1;0363 9E25 28A6 5684 5F33
1440407377220219628;Spacious villa Amsterdam;7066851;Dick;De Aker - Nieuw Sloten;52.34149;4.82241;Entire home/apt;640;12;0;;;1;8;0;
1440541240977305480;Zuidas Oasis 2bdrm- pet friendly;10862247;Sabrina;Buitenveldert - Zuidas;52.33453;4.86958;Entire home/apt;170;3;1;2025-09-04;1;1;262;1;0363 98E2 1804 E873 931E
1440624908238953304;Canal house, garden, 4 pers, Jordaan Centrum;11530299;Saskia;Centrum-West;52.37555210018424;4.878459088504314;Entire home/apt;476;3;2;2025-07-05;0.73;1;95;2;0363 8318 1CA2 5C68 804C
1440687020184429100;Spacious Apartment in Amsterdam;81888856;Celine;De Baarsjes - Oud-West;52.3648592;4.8781395;Entire home/apt;480;2;1;2025-07-06;0.44;1;5;1;0363 BFA0 0205 0452 E3A1
1441098980682635362;The Elephant Hostel - Mixed Dorm 24 Beds;700643286;Gabriela;Centrum-Oost;52.3671383;4.9103147;Shared room;66;1;13;2025-08-26;5.91;10;355;13;Exempt
1441176197482411140;Nieuwe Kerkstraat Amsterdam;16316608;Hans;Centrum-Oost;52.36379;4.9061;Entire home/apt;241;3;0;;;1;258;0;0363 C96F 05C9 831F EEA6
1441219161930014357;Garden house in Oud West;673147083;Friso;De Baarsjes - Oud-West;52.3615919;4.8636725;Entire home/apt;303;3;0;;;1;75;0;0363 186D 83B3 E3D1 E87C
1441352662611711169;Nice 2-bedroom apartment in De Pijp;418330693;Manna Henderika;De Pijp - Rivierenbuurt;52.3498532;4.8917326;Entire home/apt;322;2;1;2025-09-01;1;1;44;1;0363 8497 FAAA DE03 8B3A
1441449402083557872;Ruim appartement bij Oosterpark;349591848;Sietske;Oud-Oost;52.3598907;4.926896999999999;Entire home/apt;219;1;1;2025-08-04;0.77;1;347;1;0363 E509 256D 6ED8 ECA7
1441800133390797206;Romantic & Cozy Central Flat;88078786;Elisa;De Pijp - Rivierenbuurt;52.3507681;4.9021138;Entire home/apt;165;2;1;2025-08-15;1;1;143;1;0363 E471 999A B5B4 3ED1
1442033016850377665;Knus appartement in de Pijp;6519782;Isabelle;De Pijp - Rivierenbuurt;52.35323;4.90183;Entire home/apt;169;3;0;;;1;83;0;0363 A7BF 5902 0E9C 8DB1
1442575238616875007;Familiehuis in Amsterdam-Noord;29722627;Sanne;Noord-Oost;52.3888;4.95627;Entire home/apt;350;5;0;;;1;247;0;0363 79CB FA95 EC98 DBCF
1442762645579738684;Chic & Cheery Designer Apartment;2960304;Kc;Oud-Oost;52.35619;4.92013;Entire home/apt;272;2;0;;;1;294;0;
1443218909874144014;Comfy Room in central Amsterdam;257166172;Ricardo;De Pijp - Rivierenbuurt;52.35527;4.89641;Private room;137;2;12;2025-09-08;6.32;2;139;12;0363 7B5F 8704 3868 52B1
1443310120963055658;Ruim 3 slaapkamer appartement met tuin (Oud-West);11446265;Jennifer;De Baarsjes - Oud-West;52.36687;4.86728;Entire home/apt;329;2;1;2025-07-25;0.61;1;16;1;0363 C1FE B448 0FEC A1F2
1443520149999219134;Stylish Apartment with Garden;17675024;Floris;Westerpark;52.39075;4.87696;Entire home/apt;162;5;0;;;1;275;0;
1443588835514912572;Cosy apartment in De Pijp;56060511;Jasper;De Pijp - Rivierenbuurt;52.35418379999999;4.892246699999999;Entire home/apt;282;2;1;2025-08-05;0.79;1;122;1;0363 E108 3AC3 8B4D DE00
1443670960781261954;Forest View • light and relaxing• Amsterdam-Zuid;157016768;Ward;Buitenveldert - Zuidas;52.32694344123667;4.856545105576515;Entire home/apt;146;2;5;2025-08-11;2.03;1;193;5;0363 3527 29A7 645D 6FE3
1444360525842068864;Nature Home;17809203;Matu;Noord-West;52.41768;4.90246;Entire home/apt;282;3;0;;;1;91;0;0363 9861 0F20 76D9 9015
1444406009668225592;Appartement aan de gracht;339827725;Feline;De Baarsjes - Oud-West;52.3619108;4.860000599999999;Entire home/apt;283;1;1;2025-08-01;0.71;1;262;1;0363212470234BF57A00
1444703039709524301;Cozy Apt in Heart of Amsterdam;434056374;Michael;Centrum-Oost;52.363497103125226;4.901557119049067;Entire home/apt;178;1;3;2025-08-31;3;1;31;3;0363 B874 B622 C14E B251
1444757440781573641;Family house with garden;156908584;Caroline;Noord-West;52.41041;4.90384;Entire home/apt;350;1;0;;;1;194;0;0363 F4D1 EC58 4972 1DBF
1445046462540869294;Luxe appartement met tuin;9437554;Joost;De Pijp - Rivierenbuurt;52.34176;4.90292;Entire home/apt;188;4;0;;;1;123;0;0363 2DFE 89FE 771E 7618
1445078053145850206;Bright and cosy apartment in Amsterdam!;348888319;Teun;Zuid;52.35103;4.85288;Entire home/apt;143;2;4;2025-08-17;1.79;1;31;4;036331931F67CC6FF46A
1445463024646284768;One-of-a-Kind 3-Storey;13291991;Danny;Westerpark;52.3803132;4.8765345;Entire home/apt;295;3;1;2025-09-02;1;1;233;1;0363 CF3C D5D8 9846 4F11
1445482582600113850;Large room ideal for 4 in stylish hotel;701787185;Job;Oud-Oost;52.3537887;4.911625;Private room;222;1;62;2025-09-07;25.14;5;113;62;Exempt
1445581117577271516;Luxury Condo in Citycentre with 2 Beds and Patio;39110511;Mike;Centrum-Oost;52.36215;4.89704;Entire home/apt;500;1;7;2025-09-06;3.13;35;10;7;0363 4996 2CA7 D6BA B33B
1445609242345614729;Cozy Apartment in Amsterdam West;5088651;Christa;Bos en Lommer;52.38210036110522;4.8555446452631585;Entire home/apt;109;2;1;2025-08-31;1;1;10;1;0363 B94D 4365 2D12 03F1
1445821740624479391;Charming house with garden;242235284;Marina;Centrum-West;52.37335419999999;4.8774226;Entire home/apt;300;1;1;2025-08-02;0.73;1;41;1;0363 6E8C 69B8 0F61 AE5B
1446241102357687592;Woonboot centrum Amsterdam tegenover de leeuwen;34795539;Boudewijn;Centrum-Oost;52.36682426925583;4.919821098446846;Entire home/apt;294;2;3;2025-09-05;1.32;1;245;3;0363 CE70 BB51 3E74 92F4
1446253555687086585;Appartement met Dakterras;118959692;Michiel;De Baarsjes - Oud-West;52.37463;4.86224;Entire home/apt;272;3;0;;;1;365;0;0363 2137 B399 8947 1526
1446328195969410563;Stylish city apt - roof terrace!;68373428;Camiel;De Baarsjes - Oud-West;52.36269;4.85742;Entire home/apt;285;3;2;2025-07-19;0.91;1;0;2;0363 3EBA 877A BEDE 1E70
1446377662417921416;Historisch Design Loft, Zonnig Balkon (2-BR,110m2);3133489;Joep&Enzo;De Baarsjes - Oud-West;52.37017;4.85398;Entire home/apt;197;3;0;;;1;90;0;0363 5F82 34AD E963 127A
1446453847124743793;Stijlvol ingericht benedenhuis vlakbij Vondelpark;7452059;Lizzy;De Baarsjes - Oud-West;52.3593;4.85141;Entire home/apt;204;3;1;2025-09-05;1;1;54;1;0363 725C 495D 2100 5740
1446537194756663602;Deluxe Blue Room;579601181;Yizhen;Centrum-Oost;52.3745067;4.901983;Private room;254;2;2;2025-08-08;1.36;3;162;2;Exempt
1446916667578976850;Parkside Home in De Pijp;702179651;Renée J U;De Pijp - Rivierenbuurt;52.35589;4.89345;Entire home/apt;503;5;0;;;1;38;0;0363 22C7 BAD3 29C2 0EAE
1447031647477081887;Appartement nabij Vondelpark;23224981;Marieke;Zuid;52.3556474;4.8506613;Entire home/apt;183;4;1;2025-06-27;0.39;1;11;1;0363 4ED6 598E 8544 E9BC
1447107732620120290;Cozy 1 bedroom apartment De Pijp;701411903;Giuliana;De Pijp - Rivierenbuurt;52.35791;4.90066;Entire home/apt;213;2;0;;;1;265;0;03637B46303A2747DA69
1447170902677712281;Stijlvol appartement in de Pijp;241678298;David;De Pijp - Rivierenbuurt;52.35426;4.8891;Entire home/apt;450;5;0;;;1;315;0;03638182C096C25E1467
1447221862069003506;Cosy Family house nearby city center;701886327;Christiaan;Oud-Noord;52.39569296378072;4.915625788271427;Entire home/apt;162;1;2;2025-08-24;2;1;2;2;036363088241A96B943F
1447225050517342769;Parkview Amsterdam;10823862;Jelle;De Baarsjes - Oud-West;52.36132000531336;4.865098334848881;Entire home/apt;236;1;2;2025-07-12;0.90;1;75;2;03633554E361A118DC8B
1447264348517799648;Cozy room on an awesome family flat;472858422;Tiago;Bos en Lommer;52.38159;4.85849;Private room;93;2;1;2025-08-18;1;1;260;1;0363 1F69 9A9C 419C 5B2D
1447593985193924080;Retro apartment in the Baarsjes;68806137;Friso;De Baarsjes - Oud-West;52.3700993;4.857734199999999;Entire home/apt;175;2;1;2025-07-13;0.49;1;3;1;0363 8EEE 9C56 3081 04F2
1447620792393214443;Authentiek familiehuis bij grachten en museumplein;26738378;Enith;De Pijp - Rivierenbuurt;52.35776;4.89411;Entire home/apt;364;2;2;2025-09-01;1.07;1;104;2;0363 1A2B 54C7 8058 F09C
1447700023885864834;Stunning appartment Jordaan area;17261861;Nick;Centrum-West;52.3719026;4.8752987;Entire home/apt;197;1;5;2025-08-18;2.42;1;43;5;0363 D0F7 E136 5334 7A02
1447728839461049586;Lovely apartment near Vondelpark;14233984;Sandra;De Baarsjes - Oud-West;52.36106;4.86529;Entire home/apt;242;4;1;2025-09-05;1;1;42;1;0363 EDB1 A52E 9146 257A
1447815279346978443;Modern Canal house city center;2524806;Herman;Centrum-West;52.36942;4.89324;Entire home/apt;492;2;3;2025-08-10;1.96;2;114;3;0363 8275 54CE 36AC 9A7E
1447902876223053716;Gezellig appartement a/h water;31133140;Sophie;Oud-Noord;52.38224;4.9153;Entire home/apt;195;2;2;2025-08-28;0.98;1;319;2;0363 D8C6 6399 337B 0BD0
1448299705913535408;Ruimte & Rust in hip A'dam-Noord, vlakbij Centrum;120715305;Renate;Noord-Oost;52.39272;4.95245;Entire home/apt;131;3;3;2025-08-30;1.96;1;143;3;0363 203C C5D1 EB2F 13AF
1448534570211246584;Luxurious 3-bedroom apartment  near by RAI & Pijp;74326585;Maud;De Pijp - Rivierenbuurt;52.34601;4.90043;Entire home/apt;540;3;0;;;1;11;0;0363 1418 C1E2 78BC 577F
1449080751993475232;Knus & licht appartement;666034258;Jelle;Centrum-Oost;52.36036;4.89364;Entire home/apt;214;2;1;2025-09-01;1;1;133;1;0363 8DB1 A7EC 60B4 15F7
1449138496868439644;2BR Zen Apartment @ Noord | 15min. to city center;21204132;Dmitry;Noord-Oost;52.40337969697291;4.938236393917856;Entire home/apt;166;3;3;2025-09-07;3;1;4;3;0363 2BFA A856 ED99 DDA1
1449359097557407261;City Break Amsterdam city Center - Room 2;244073952;Yasmina;Centrum-West;52.37497;4.89843;Private room;157;1;0;;;1;299;0;0363 CE2E F435 F82A 3DB5
1449361986522185340;Heerlijk & gezellig appartement | volledig privé;25991920;Isa;Oud-Oost;52.3593227;4.9131049;Entire home/apt;160;2;1;2025-08-27;1;1;5;1;0363 869E 7C02 690A 0AA0
1449906834356632203;Charming Amsterdam city centre townhouse!;142257931;Teun;Centrum-Oost;52.37083;4.90171;Entire home/apt;466;2;2;2025-08-23;2;1;25;2;0363 DAD0 75E1 4CB6 BEAA
1449930467548632278;Trendy modern city apartment,  30 min walk to SAIL;10652605;Engelbertha Berendina;Oostelijk Havengebied - Indische Buurt;52.36061;4.93562;Entire home/apt;248;3;0;;;1;45;0;0363 F19B 8157 EC94 08A0
1450107471833529867;Bright Modern Loft;380875993;Sam;Noord-West;52.405797058189584;4.894532920851079;Entire home/apt;195;2;0;;;1;292;0;036398549483665B10A2
1450545400868731787;Charming room close to major sights;551883998;Marco;De Baarsjes - Oud-West;52.37141500000001;4.8716432;Private room;104;2;6;2025-08-26;2.81;2;326;6;0363 9CAC 7B4D 81E8 B4CB
1450562353896081094;Spacious apartment in Amsterdam;179102668;Mark;Watergraafsmeer;52.34796;4.93951;Entire home/apt;196;10;0;;;1;334;0;0363 2074 4689 FEEC 4BFA
1450568942545943465;The Flying Pancake B&B, Cook's Suite;1334704;Claudia;Centrum-Oost;52.364935;4.9091334;Private room;185;2;1;2025-08-31;1;3;225;1;0363 04F9 EC32 8EE2 C9D0
1450574580024574034;Gezellig Hollands Huis in Noord;2954547;Kim;Noord-West;52.41301;4.89952;Entire home/apt;113;4;3;2025-08-04;1.70;2;90;3;ABCD1234CD1228GTJ8K0
1450804529279919699;2BR+Garden+ Easy access + Best Amsterdam Area!;543948824;Mohamadi;Westerpark;52.38341;4.86949;Entire home/apt;306;3;5;2025-08-15;2.50;1;13;5;0363 E3F6 2C20 03F6 03EF
1450820123376812031;Bright studio with canal view;161616335;Michel;Bos en Lommer;52.37595366258136;4.844198897480965;Entire home/apt;135;1;2;2025-08-07;0.87;1;236;2;0363 51A6 F2AE 75E9 EAC2
1451417762783110172;Canal Apartment w/ Terrace | AMS;703464497;Barend;De Baarsjes - Oud-West;52.3625272;4.8587641;Entire home/apt;151;1;3;2025-09-08;1.84;1;199;3;0363 A59D 90E7 3C27 8494
1451544541626218882;High-End Townhouse + Garden;97600607;Merel;Oud-Oost;52.35962;4.90748;Entire home/apt;1435;3;0;;;1;362;0;036318088C90246B0180
1451850240910707654;Cozy corner close to the center;6047112;Laura;De Baarsjes - Oud-West;52.364449271627464;4.862572756502976;Private room;138;1;4;2025-08-24;3.64;1;50;4;0363 C0FC 0DFC 1C6F C409
1452034885661232561;Appartamento relax e natura ad Amsterdam Nord;120496187;Irene Aldivia;Noord-West;52.4179857;4.890970600000001;Entire home/apt;144;3;2;2025-08-12;1.76;1;16;2;0363 0C10 DE9E 8824 6B4B
1452092265383341434;2 bedroom stay, Central location!;572578496;Jelte;Centrum-Oost;52.36392;4.90409;Entire home/apt;183;1;4;2025-08-13;2.22;1;0;4;0473E97B325D07B21A79
1452808380711221585;60m² privé watervilla & dakterras vlakbij centrum;1435339;Peter;Zuid;52.34233;4.84939;Entire home/apt;192;3;9;2025-08-26;5.00;2;107;9;0363 0B58 1FB6 CDCA DCC1
1452814019213452860;The Flying Pancake B&B, both Suites;1334704;Claudia;Centrum-Oost;52.364935;4.9091334;Private room;370;2;0;;;3;228;0;0363 04F9 EC32 8EE2 C9D0
1453070066831313294;Design apt next to Vondelpark;61943183;Mayumi;Zuid;52.35389;4.85284;Entire home/apt;201;2;0;;;1;356;0;0363 3A58 92C3 A710 317E
1453784637803051084;Cosy garden-appartment 3 adults or 2 & 2 chldrn;12696599;Merel;Oostelijk Havengebied - Indische Buurt;52.36586;4.93226;Entire home/apt;224;3;5;2025-09-07;3.85;1;113;5;0363 8186 C86D 4D78 8F40
1454196928555503058;Luxe appartement Amsterdam;143731508;Marieke;Osdorp;52.35735163840111;4.803207032382488;Entire home/apt;181;1;2;2025-08-16;1.46;1;354;2;0363 964F C52D 6C49 41F4
1454268646412082104;Bright Amsterdam home;114777249;Milou;De Pijp - Rivierenbuurt;52.34501435388816;4.9026481067444605;Entire home/apt;166;2;0;;;1;8;0;0363 270C 6C3B 6FE0 F747
1454295637671169166;Wonderful 3 bedroom apartment;270286446;Bart De;De Baarsjes - Oud-West;52.37144;4.85696;Entire home/apt;252;3;0;;;1;243;0;0363 A492 A53B 93CC AB1B
1454390662786799175;Charmant huis in hartje Amsterdam Centrum;182412946;Maegan;Centrum-Oost;52.3702482;4.8986557;Entire home/apt;267;2;1;2025-07-16;0.52;1;36;1;0363 C350 9E81 3617 0AA3
1454435888451868238;Licht verblijf aan het water;14020967;Tomas;Oostelijk Havengebied - Indische Buurt;52.3765172;4.9436814;Entire home/apt;238;2;5;2025-08-17;2.50;1;72;5;0363 3AD3 5094 28AC CE6E
1454464042273546978;City center canal-side apartment;487296974;Fay;Centrum-Oost;52.37372691049703;4.902944744047892;Entire home/apt;240;2;0;;;1;222;0;0363 47D1 FB8E 15E3 3DD3
1454498887121439021;Rustig en stijlvol compleet huis;72236429;Marnix;Oostelijk Havengebied - Indische Buurt;52.364413897150555;4.94019895396729;Entire home/apt;303;3;0;;;1;72;0;0363 DEFB AF5E 60AD D88A
1454517938734407118;Designer House in the charming neighbourhood;3398084;Cem;Centrum-West;52.37751;4.88269;Entire home/apt;450;2;0;;;1;18;0;0363 E2DE C38C FAF0 F0F7
1454892558070097700;Deluxe Queen | Eat, Work & Socialise;704386567;Charles Douglas;Slotervaart;52.37251;4.83653;Private room;202;1;2;2025-09-06;2;4;112;2;Exempt
1454892644407083381;Executive King | Refuel: Eat, Drink & Sip;704386567;Charles Douglas;Slotervaart;52.37251;4.83653;Private room;213;1;3;2025-09-04;3;4;111;3;Exempt
1454937775201294772;2-Bed B&B Near Canal District;15976351;Valentijn;Centrum-West;52.37773;4.89111;Private room;240;1;7;2025-08-25;3.09;1;40;7;0363 9B65 744D D8F5 D59E
1455109298043508928;Sfeervolle woning met tuin;33170840;Linda;Bos en Lommer;52.37814495290702;4.848667333247903;Entire home/apt;174;1;0;;;1;75;0;0363 E27D AF37 8C77 A5E1
1455244775765246890;Ruim appartement in de Pijp;494097870;Thomas;De Pijp - Rivierenbuurt;52.3576701;4.9019029;Entire home/apt;540;3;2;2025-09-07;1.87;1;14;2;0363 5054 DA0C 631E 496F
1455592694425094395;Private studio with bathroom centre;59484;Alexander;Centrum-Oost;52.364608;4.8927782;Entire home/apt;336;3;10;2025-09-03;5.56;2;60;10;0363 CBB3 2C10 0C2A 1E29
1455602857413933812;The Elephant Hostel - Mixed Dorm 16 Beds;700643286;Gabriela;Centrum-Oost;52.3671383;4.9103147;Shared room;500;1;22;2025-08-24;10.31;10;360;22;Exempt
1455647051778895520;Neutraal & professioneel;183281482;Ahmet;Buitenveldert - Zuidas;52.3275993631793;4.882807337842688;Entire home/apt;405;1;2;2025-08-29;1.82;1;356;2;Exempt
1455656325647057805;Loft apartment in former school;23725517;Rein;Oud-Oost;52.35898;4.92276;Entire home/apt;620;7;0;;;1;67;0;0363 184D A1DF F940 E474
1455721061472839755;Apartment - Amsterdam Oosterpark;704586455;Laura;Oud-Oost;52.3570996;4.918764299999999;Entire home/apt;168;2;0;;;1;9;0;0363 9BF9 75A9 4774 C8ED
1455827378807559919;Cosy Home 5min walk metro Amsterdam & free parking;9074719;Helena;Noord-Oost;52.40714;4.93355;Entire home/apt;263;3;5;2025-08-10;2.94;1;85;5;0363 C4D6 D8D6 EFC3 B21F
1455842218674399972;Our stylish apartment in De Pijp;130581514;Janiek;De Pijp - Rivierenbuurt;52.35265;4.90316;Entire home/apt;172;1;4;2025-08-20;1.97;1;11;4;0363F17A8A194EC45621
1455902261487269054;One bedroom apartment - Maasstraat;63990807;Cara;De Pijp - Rivierenbuurt;52.3454;4.89569;Entire home/apt;198;2;0;;;1;135;0;
1455918730341622050;Charming Apartment;5773118;Russell;Westerpark;52.37582;4.87419;Entire home/apt;285;30;0;;;1;35;0;0363 1DE0 F9A9 4937 2249
1456045493250861306;Romantic Room with Iconic Views (1);704743948;Bifu;Noord-Oost;52.40293;4.93165;Private room;67;2;4;2025-08-22;2.55;3;151;4;03634AE34577D7896ED9
1456105929957812167;Cozy Room with a Serene View (2);704743948;Bifu;Noord-Oost;52.40133952663933;4.933388455153021;Private room;63;2;3;2025-08-24;1.48;3;141;3;0363D84C8918775943D8
1456114497301094445;Charming Room with a Lovely View (3);704743948;Bifu;Noord-Oost;52.40260561244786;4.933741430368691;Private room;60;2;0;;;3;152;0;0363A855A2AE47577D53
1456279386755219487;Charming Amsterdam Apartment with Outdoor Space;2604285;Christina;Westerpark;52.3801;4.87531;Entire home/apt;160;2;1;2025-08-08;0.86;1;5;1;03639D0096E7F2DFAEB1
1456431397951204382;Small Apartment next to Jordaan;3420532;Christian Antonio;Westerpark;52.373837150369475;4.870605352253734;Entire home/apt;175;1;3;2025-08-23;1.48;1;26;3;0363 791C 390F 1863 2F48
1456433608717239065;Cute get away Boat Amsterdam;474904428;Aniza;Bos en Lommer;52.37721;4.84083;Entire home/apt;53;2;17;2025-09-08;7.50;1;34;17;ABCD1234AB1289EFAOF9
1456622120356587288;Elegant Loft in Jordaan District;423577787;Joost;De Baarsjes - Oud-West;52.36497;4.87873;Entire home/apt;316;5;0;;;1;78;0;0363AC4431F5EA47D366
1457095384104160276;Family house with garden not far from center;4573337;Edo;Geuzenveld - Slotermeer;52.3736062009702;4.812586999999997;Entire home/apt;198;3;2;2025-08-26;2;1;81;2;0363 15B1 4481 28DC 1865
1457148546102517652;Charming spot in De Pijp;101737425;Joannes;De Pijp - Rivierenbuurt;52.356450128003196;4.892749557918669;Entire home/apt;161;7;3;2025-08-08;2.25;1;47;3;0363 FB73 1A90 06AD 4984
1457289357249428329;NEW! Private and fully renovated design home!;29279439;Maren;Oud-Noord;52.386812068831176;4.910972651327267;Entire home/apt;164;3;1;2025-09-07;1;1;223;1;0363 2B95 E233 24D4 CCD7
1457758992507282020;1882 historic Amsterdam apartment by the park;404661175;Lola;Oud-Oost;52.362961870619216;4.923748638623051;Entire home/apt;299;3;0;;;1;80;0;0363 CAEA F67D 88D8 6120
1457814654549159729;Familiehuis aan het water in de Houthavens;6870891;Gabrielle;Westerpark;52.39431;4.88225;Entire home/apt;351;1;0;;;1;41;0;0363CB4E3B8A1D863855
1457881431430893624;The Elephant Hostel - Ladies Only Dorm 15 Beds;700643286;Gabriela;Centrum-Oost;52.3671383;4.9103147;Shared room;100;1;2;2025-08-18;1.40;10;357;2;Exempt
1457918417522464938;Sfeervol Appartement Top Locatie;19813149;Wineke;De Baarsjes - Oud-West;52.36565;4.87465;Entire home/apt;177;2;6;2025-08-31;4.50;1;11;6;0363 091E 6E06 F9B7 4575
1457947719208439530;Great ground flour house Jordaan;103181523;Janneke;Centrum-West;52.37461;4.87615;Entire home/apt;367;1;0;;;1;273;0;0363 DE32 BB8A 8333 C27A
1457975393113121570;Luxury Penthouse w/Office & Rooftop by Vondelpark;57404411;Pablo;De Baarsjes - Oud-West;52.35971;4.85712;Entire home/apt;440;10;1;2025-08-01;0.71;1;341;1;0363 86B6 7DF2 69E3 60B4
1458465156077123565;Appartement bij het Vondelpark;170844805;Wouter;De Baarsjes - Oud-West;52.362816434852526;4.858978256469502;Entire home/apt;290;1;0;;;1;261;0;03630967C3B19B6DB9FD
1458503284240685629;Bright Home near Central Station;394395312;Leonie;Oud-Noord;52.38231;4.91151;Entire home/apt;161;12;0;;;1;19;0;0363 75FC F915 2284 A3A5
1458589027344787436;2-Bedroom Apt. (108m²) w/ Rooftop -Family-Friendly;29172573;Daria;De Baarsjes - Oud-West;52.3622772;4.8551262;Entire home/apt;244;2;2;2025-08-15;0.98;1;25;2;0363 9BE6 2AD9 33C5 EF82
1458622252437356381;Sunny Apartment with Rooftop;350193756;Ivo;De Pijp - Rivierenbuurt;52.3451;4.90934;Entire home/apt;218;2;1;2025-07-27;0.64;1;351;1;0363 6F75 07DB B6B9 C860
1458676673540650572;Mooi appartement Rivierenbuurt;7502222;Kirsten;De Pijp - Rivierenbuurt;52.3462897;4.901517;Entire home/apt;343;3;0;;;1;46;0;0363 CEE5 3F5C 2C0C 2458
1458791367203496150;Spacious & Central 2BR apartment;5453226;Zach;De Pijp - Rivierenbuurt;52.35181665286903;4.8972411570874606;Entire home/apt;318;1;0;;;1;48;0;0363 8853 03F9 2597 F560
1459275418808863298;Amstel river & Garden view;13170844;Jacqueline;Oud-Oost;52.3509;4.91243;Entire home/apt;900;1;0;;;1;144;0;0363 8DC0 B149 2D13 C44F
1459325925850763465;Family house in the Pijp with roof terrace;705590393;Robert;De Pijp - Rivierenbuurt;52.3516699;4.891577799999999;Entire home/apt;266;5;0;;;1;47;0;0363 034D 6D93 02DD 403A
1459348068115119884;Cozy appartment in de Pijp;230325325;Floris;De Pijp - Rivierenbuurt;52.351029;4.893251;Entire home/apt;283;1;0;;;1;304;0;0363D2BB35AA986518D3
1459358244118988725;Stijlvol en licht appartement;7944683;Vivianne;Bos en Lommer;52.3789;4.85851;Entire home/apt;166;14;0;;;1;28;0;0363 EDB0 D9B0 DE7A 4A22
1459449067714992377;Centrally located apartment.;44346450;Anna Sofia-Magdalena Elisabeth;De Baarsjes - Oud-West;52.37426826556752;4.8621424298113745;Entire home/apt;303;2;0;;;1;9;0;0363 2512 C9C3 46C4 525E
1459517958187524384;Sunny Apartment with Workspace;20052944;Iuliia;Bos en Lommer;52.38177097121911;4.856910480573711;Entire home/apt;184;2;8;2025-08-26;5.22;1;40;8;0363 F64A 0A73 283B A008
1459522557550458962;Monumental Amsterdam Canal House;43958582;Sol;Centrum-Oost;52.36136;4.89322;Entire home/apt;333;2;0;;;2;146;0;0363 3016 D85D 02EE 0ECD
1459544307747528251;Stylish family home-Vondelpark;102066248;Berend;Zuid;52.35259019999999;4.8624581;Entire home/apt;470;1;0;;;1;69;0;0363 97CB 0D21 BD0C CA33
1459585041299028105;The Pink Family House Amsterdam;76516488;Elias;Oud-Noord;52.398716404500384;4.919468950673691;Entire home/apt;180;7;2;2025-08-16;1.82;1;7;2;036366BC4F9BB17BB611
1459941963938615718;Cozy Apartment in the Vibrant De Pijp Neighborhood;21719758;Didier;De Pijp - Rivierenbuurt;52.35168150000001;4.8925488;Entire home/apt;131;5;0;;;1;20;0;0363 AA41 111C 75D9 9650
1460145453577294228;Heart of Amsterdam Oud Zuid*Swimming*Hammock*Bath;1435339;Peter;Zuid;52.34207;4.84941;Entire home/apt;234;3;0;;;2;54;0;0363 0B58 1FB6 CDCA DCC1
1460146008324467544;Twenty Five City (Room 1);35306712;Sebastian;Centrum-West;52.37720789999999;4.888625800000001;Entire home/apt;152;1;5;2025-08-28;2.38;2;68;5;0363 84C5 FD40 7A22 CCBE
1460146061945796766;De Sloot;705854144;Erik;Centrum-Oost;52.372089;4.903304299999999;Entire home/apt;422;2;0;;;1;69;0;0363 B918 B37B 7F01 3ED8
1460334149336261627;Charming Apt in Historic Canal House;80468986;Christiaan;Centrum-West;52.3709523;4.8843671;Entire home/apt;521;4;0;;;1;312;0;0363 8AED 4946 7C74 0F20
1460623170340409252;Cosy flat next to Westerpark;21416343;Mira;Westerpark;52.3812344;4.87204;Entire home/apt;147;2;2;2025-08-10;1.30;1;8;2;0363 6F79 F178 F337 D6CC
1460679116774782998;Great family apartment;8299096;Willem;De Baarsjes - Oud-West;52.369302296309066;4.858295563417072;Entire home/apt;443;3;0;;;1;363;0;0363 0530 C4DF 3B8C 64E1
1460814909227440106;Luxe en stijlvol AP @Amsterdam Oud-West;97829166;Emma Julie Elise;De Baarsjes - Oud-West;52.36321;4.86588;Entire home/apt;272;1;0;;;1;288;0;0363 4603 C9E6 055B 6162
1461349421796850501;Quiet and cosy house in trendy Amsterdam North;37928682;Dirk;Oud-Noord;52.39379;4.92598;Entire home/apt;209;2;0;;;1;98;0;0363 74C7 A705 503F E9B0
1461379497469493745;Dok Apartment;16699086;Liliana Maria;Centrum-Oost;52.36914;4.91358;Entire home/apt;142;3;2;2025-08-30;2;1;278;2;Exempt
1461485790644116313;Historisch huis vlakbij centrum;56107825;Eva Charlotte;Oud-Noord;52.39097;4.90844;Entire home/apt;216;2;0;;;1;226;0;0363 D339 BE7C BF14 A94F
1461540663990214180;Luxe apt. naast het Amstel hotel;362707913;Laura;Oud-Oost;52.3586896;4.9073413;Entire home/apt;272;3;0;;;1;362;0;0363 F1A8 A031 170B 603D
1461547705943370149;Houseboat Studio Mar B&B;706269096;Marco;Centrum-Oost;52.37052973402961;4.903581088360616;Private room;220;2;1;2025-09-07;1;1;108;1;0363 2788 1E55 C7F0 9B2E
1461716606018212061;Sunny roof-apartment Amsterdam;503794699;Paula;De Baarsjes - Oud-West;52.36925;4.86572;Entire home/apt;190;3;0;;;1;8;0;0363 5A08 EA42 9DA7 6520
1461734343514879429;Groenhoven - Green heaven;170389054;Anouk;Bijlmer-Oost;52.32617278417668;4.975672736763954;Entire home/apt;126;10;0;;;1;52;0;0363 BBB7 C401 CEEC 1073
1461918396934912483;Bright 1BR apartment in Oost;17134078;Julia;Oud-Oost;52.3568;4.9175;Entire home/apt;134;1;0;;;1;107;0;036325155013262FB9C7
1462285292034041169;2 Bedroom Apt near Sloterdijk;425460189;Kristof;Geuzenveld - Slotermeer;52.38443250905824;4.83355306061411;Entire home/apt;258;2;3;2025-08-31;3;1;16;3;0363 8ADB 2708 2695 62EC
1462311632149450568;luxurious house with jacuzzi!;706494024;Alexandra;Buitenveldert - Zuidas;52.32303;4.86061;Entire home/apt;531;3;1;2025-08-11;0.94;1;21;1;0363 AC6A E5FD D446 1457
1462392581987758934;Authentic Oud-West apartment;45725667;Tess;De Baarsjes - Oud-West;52.36134;4.85878;Entire home/apt;163;7;0;;;1;334;0;
1462892881464009228;5 mins walk to museum district;92952846;Barry;Centrum-Oost;52.3636158;4.8885405;Entire home/apt;356;2;0;;;1;33;0;0363 A2F7 EC2C A4D3 77C6
1463055344632329125;Spacious wooden home in the city;3110105;Joyce;Oud-Noord;52.3996;4.90542;Entire home/apt;400;7;1;2025-08-24;1;3;23;1;0363 C8C8 E77F B70E 0A1D
1463635534512861703;Sunny Flat in Central Amsterdam with Full Kitchen;27318917;Yulia;Westerpark;52.38008;4.87063;Entire home/apt;172;2;1;2025-07-25;0.61;1;58;1;0363 78C6 0E03 1B4B CB81
1463658663121365259;Retreat apartment in city center;1663866;Charlotta;Centrum-West;52.37958;4.89291;Entire home/apt;207;4;0;;;1;12;0;0363 0CF5 B074 CADA CFE8
1463716059347597153;Lovely House in Amsterdam East;77097355;Rebecca;Watergraafsmeer;52.34331;4.92445;Entire home/apt;290;5;0;;;1;173;0;0363 01B3 D8D5 3D76 F1C3
1463990110906842440;Modern Spacious Apartment in Vibrant De Pijp;48480883;Giovanni;De Pijp - Rivierenbuurt;52.356812594384635;4.89563156403032;Entire home/apt;385;1;0;;;2;149;0;0363A27A90E5EDF39328
1464453442718093187;Designer Art House @De Pijp - Newly Renovated;7153635;Suzanne D;De Pijp - Rivierenbuurt;52.3572815;4.901455400000001;Entire home/apt;480;3;0;;;1;32;0;
1464530804435695358;Studio De Pijp(Heineken Museums);48480883;Giovanni;De Pijp - Rivierenbuurt;52.35648902973506;4.896809990251522;Entire home/apt;232;1;1;2025-08-21;1;2;119;1;0363A27A90E5EDF39328
1464613299144822453;Uniek split-level appartement met ruim dakterras;30106847;Renée;De Baarsjes - Oud-West;52.3705388;4.857552699999999;Entire home/apt;237;2;2;2025-09-01;1.50;1;20;2;0363 B6B2 1AFE 1E22 2053
1464625621075719936;Luxury Private Apt Next to RAI - Spacious/Stylish;97794127;Ward;De Pijp - Rivierenbuurt;52.34411;4.89443;Entire home/apt;314;3;1;2025-08-20;1;1;316;1;0363 189C A832 9E69 2149
1464657927990455033;Charmante 1BR appartement in de Baarsjes;189267239;Kelly;Bos en Lommer;52.3781007;4.8572019;Entire home/apt;173;2;0;;;1;333;0;036369A8CFBF81FF14EE
1465062174284590701;Family Home & Garden in Oud-Zuid;15330158;Evie;Zuid;52.354523548692;4.867947646566536;Entire home/apt;425;1;0;;;1;92;0;0363 F2C1 FE76 2C1F D8C4
1465148185307051565;Charming souterrain studio at Bloemgracht 30;239069851;Hendrik;Centrum-West;52.3744;4.88173;Entire home/apt;346;2;0;;;2;363;0;0363 2CCC 0F89 DB9C 6655
1465159644284877865;Ground floor flat w/ cosy garden;92968024;Robin;De Pijp - Rivierenbuurt;52.35255;4.90197;Entire home/apt;265;2;0;;;1;7;0;0363 01FD 9AD0 E36D 16AF
1465184396139189030;Moderne Woning In De Pijp;61810862;Simone;De Pijp - Rivierenbuurt;52.35747;4.89782;Entire home/apt;345;5;0;;;1;143;0;0363 7AD1 FAA3 1C59 52B6
1465240103103178887;Stylish comfy family apartment;7164603;Mila;De Baarsjes - Oud-West;52.37140625517364;4.860759549891306;Entire home/apt;601;7;0;;;1;178;0;0363 42F0 818D 7A2E 40B2
1465271560682415810;Appartement aan het water;139663398;Tiare;Oostelijk Havengebied - Indische Buurt;52.37223;4.94792;Entire home/apt;180;4;0;;;1;59;0;0363 7B8E 4EBB 2066 0A61
1465273300403654959;Klassieke woning met dakterras.;50901565;Jasper;Centrum-West;52.38067;4.88884;Entire home/apt;777;1;0;;;1;343;0;
1465307253021609009;Authentiek familiehuis Centrum;83255596;Margaretha;Centrum-Oost;52.37060531109641;4.901589788496494;Entire home/apt;270;1;0;;;1;3;0;0363 6F9F C961 7CBA 26F9
1465377507655014411;Familie huis met tuin;5619477;Tania;Gaasperdam - Driemond;52.298015;4.975379999999999;Entire home/apt;170;9;0;;;1;53;0;0363 4AB7 5369 0AAE C1A2
1465380976657732671;Volledige woning met tuin in amsterdam;79506533;Tim;Noord-West;52.40288;4.91179;Entire home/apt;266;17;0;;;1;86;0;0363 B001 9F27 E9B0 4AEC
1465691983585976701;Heerlijke plek in de Pijp, erg centraal gelegen;707446371;Michiel;De Pijp - Rivierenbuurt;52.35248;4.88871;Entire home/apt;162;2;2;2025-08-23;2;1;7;2;0363 DAA3 0A1F 99D7 EB04
1465698243836476920;All you need for a great stay (with garden);23152569;Karlijn;Westerpark;52.383066484122104;4.869534546317368;Entire home/apt;295;2;0;;;2;11;0;0363 B6D4 0A04 D560 AF95
1465730167272246871;Dam square private studio;651299682;Andrea;Centrum-West;52.377066440028706;4.894330185132334;Entire home/apt;128;1;5;2025-08-18;2.94;8;11;5;ABCD 1234 AB12 89EF A0F9
1465840401997962458;Exclusive Urban Family Loft in Amsterdam — 200m²;6334860;Annika;Oostelijk Havengebied - Indische Buurt;52.36493;4.93797;Entire home/apt;514;4;0;;;1;283;0;Exempt
1465844935781098728;Appartement in Rivierenbuurt, close to RAI & Pijp;5907714;Marjolein;De Pijp - Rivierenbuurt;52.34281;4.90647;Entire home/apt;318;2;0;;;1;358;0;0363 2D77 157B AA5C 13DD
1466423902395470262;Central Apartment With Sunny Terrace;595222609;David;Oostelijk Havengebied - Indische Buurt;52.36203744546554;4.9389477995422375;Entire home/apt;163;1;2;2025-08-31;2;1;253;2;0363 5044 2AC7 04FB 4306
1466439061117025021;Cozy Home in City Center;411618645;Johanna;Centrum-Oost;52.36279;4.8903;Entire home/apt;232;3;0;;;1;33;0;0363 41E1 68FB D0EB EB6B
1466452108872679076;Chic & Sunny flat with Balcony near the park;707666292;Alejandro;Westerpark;52.38485;4.87259;Entire home/apt;77;1;0;;;1;232;0;0363 CEA9 608C BBAC 961F
1466461283689338296;Huis met tuin in Baarsjes;24938440;Amber;De Baarsjes - Oud-West;52.36349;4.85455;Entire home/apt;198;3;1;2025-09-07;1;1;347;1;0363 FC03 E5AE 8375 2DAF
1466511329211833434;The Elephant Hostel - Ensuite Private Room 5 Beds;700643286;Gabriela;Centrum-Oost;52.3671383;4.9103147;Private room;366;1;1;2025-07-24;0.60;10;250;1;Exempt
1466519775490224634;The Elephant Hostel - Ensuite Private Room 3 Beds;700643286;Gabriela;Centrum-Oost;52.3671383;4.9103147;Private room;241;1;1;2025-07-30;0.68;10;269;1;Exempt
1466532444379015921;The Elephant Hostel - Ladies Only Dorm 12 Beds;700643286;Gabriela;Centrum-Oost;52.36714;4.91032;Shared room;200;1;3;2025-08-18;2.05;10;351;3;Exempt
1466549302561569595;The Elephant Hostel - Ladies Only Dorm 9 Beds;700643286;Gabriela;Centrum-Oost;52.3671383;4.9103147;Shared room;200;1;0;;;10;345;0;Exempt
1466563739528463652;The Elephant Hostel - Ensuite Private 6 Beds;700643286;Gabriela;Centrum-Oost;52.3671383;4.9103147;Private room;428;1;0;;;10;168;0;Exempt
1466582576358642198;The Elephant Hostel - Mixed Dorm 6 Beds;700643286;Gabriela;Centrum-Oost;52.3671383;4.9103147;Shared room;200;1;0;;;10;321;0;Exempt
1466626687582791176;Classic 17th century center suite;535809024;Tim;Centrum-Oost;52.36588;4.88274;Entire home/apt;219;1;0;;;1;338;0;03637DE00F40E9841B18
1467095547664653666;Flexible check-out | Walk score 97 | Vondelpark;231936809;Jan Willem;Zuid;52.35547;4.85512;Entire home/apt;375;1;3;2025-08-18;1.91;1;3;3;0363 B17D A8E6 A9D2 13D1
1467143627023337830;Bright Top-Floor Retreat Centrally Located;50178581;Laura;De Baarsjes - Oud-West;52.36287;4.85791;Entire home/apt;167;5;2;2025-08-31;1.87;1;50;2;0363 5CAB 69BF 1367 77ED
1467161395963110818;Luxurious flat Amsterdam Oud West-Centre;86657885;Fleur;De Baarsjes - Oud-West;52.364051725604504;4.875419775470371;Entire home/apt;350;2;1;2025-09-09;1;1;361;1;0363 2A21 91E8 8679 6C91
1467197810917572880;Villa Buitenlust;392822377;Juultje Lucia;Westerpark;52.3908;4.85981;Private room;108;2;2;2025-08-14;1.50;1;352;2;Exempt
1467383363683784743;Charming Apartment in the Heart of Amsterdam;198405490;Suzanne;De Baarsjes - Oud-West;52.37199150633754;4.862895940430098;Entire home/apt;319;5;0;;;18;12;0;0241 C9BD DC5C B6F1 821C
1467394145651053990;Charming Apartment in the Heart of Amsterdam;198405490;Suzanne;De Baarsjes - Oud-West;52.37147;4.86184;Entire home/apt;284;30;0;;;18;106;0;0361 C5BD DC2C B4F1 839B
1467396361586548292;The Highlander Hotel - Kilt Townhouse;707698410;The Highlander;Centrum-West;52.375571;4.8925002;Private room;259;1;0;;;3;360;0;Exempt
1467397967811931572;Stylish & Cozy 1BR Apt @ Jordaan (City Center);67628727;Emile;Centrum-West;52.38284;4.88709;Entire home/apt;220;3;1;2025-08-17;1;1;16;1;0363 A15D AB12 4890 7F08
1467411754003751628;Luxury Retreat Next to Vondelpark;577497011;Gideon;Zuid;52.35832;4.87832;Entire home/apt;940;2;0;;;2;343;0;0363 033B 7FC4 5C3A DB9F
1467567468606555451;Renovated modern family home at hotspot in NOORD;25734380;Lotte;Oud-Noord;52.38653480000001;4.9234106;Entire home/apt;270;3;2;2025-08-13;1.71;1;4;2;03630061B0F80AE93335
1467997258121311857;Westertower view apartment Jordaan;227050665;Marijke Nynke;Centrum-West;52.37795539027932;4.880034886300564;Entire home/apt;248;1;0;;;1;46;0;0363 7567 DFEC 1112 B93F
1468100917301836189;The Scottish Cottage;707698410;The Highlander;Centrum-West;52.375571;4.8925002;Private room;247;1;0;;;3;334;0;Exempt
1468111281336056664;The Highland Mansion;707698410;The Highlander;Centrum-West;52.375571;4.8925002;Private room;324;1;0;;;3;298;0;Exempt
1468708174830900818;Sunny Artist Home Westerpark;42995389;Emmy-Koos;Westerpark;52.3914422;4.8713326;Entire home/apt;174;2;6;2025-09-01;3.75;1;165;6;0363 939E 20A5 65FE 804D
1468720735645197860;2BR Condo with Amstel River View;708277147;John;Oud-Oost;52.35744;4.90808;Entire home/apt;374;1;5;2025-08-24;3.33;1;266;5;0363 353F 07A9 9294 8F59
1468911940134520543;Knus appartement;9448067;Sophie;Centrum-West;52.38343;4.88465;Entire home/apt;405;1;0;;;1;365;0;0363 FB88 5155 F101 57EC
1469450242986497113;Cozy 1Bed with perfect balcony;14788115;Andrew;Bos en Lommer;52.38181;4.85809;Entire home/apt;114;3;4;2025-08-21;2.55;1;8;4;0363 1AA0 8E26 D424 318C
1469640748468984168;Let op! Alleen te huur van 11 t/m 18 augustus!;708523543;Irada;Geuzenveld - Slotermeer;52.3817763;4.823257799999999;Entire home/apt;171;1;0;;;1;363;0;0363 FC33 5D7A 0F00 A1CD
1469705186228758212;Luxury Loft in Central Amsterdam;99464203;Vincent;Centrum-Oost;52.35978;4.89691;Entire home/apt;665;14;0;;;1;351;0;0363 E64E FBEE 4410 E8F9
1469731410681957564;Vintage charm in green oasis - remote working spot;23484047;Ellis;De Baarsjes - Oud-West;52.37315773177402;4.862072643477278;Entire home/apt;162;7;1;2025-08-18;1;1;19;1;03633EE0EA1B5A4B3FDC
1470115605729617567;Herengracht Souterrain Studio Apt. without kitchen;536932526;Maurits;Centrum-West;52.3729702;4.886737999999999;Entire home/apt;223;3;5;2025-09-07;4.55;1;117;5;0363 CED1 02AD FAE3 AF9E
1470118808797372951;Sunny Amstel Appartment;1435679;Anouk Isabelle;De Pijp - Rivierenbuurt;52.3529912;4.9071319;Entire home/apt;274;1;1;2025-08-10;0.91;1;340;1;0363 2740 7B8F E60C 24AD
1470285971787814784;luxery studio;700735867;Willem;De Aker - Nieuw Sloten;52.3418803;4.796745899999999;Entire home/apt;150;2;0;;;1;345;0;0363 70D1 7EF8 7ABB 3786
1470314947522539873;Appartement in Amsterdam-Zuid;9363205;Els;Zuid;52.34933;4.84856;Entire home/apt;176;3;0;;;1;88;0;0363 751B AC91 4179 75FD
1470444792125808211;Privé-appartement in hartje Pijp;121685259;Feline;De Pijp - Rivierenbuurt;52.356022;4.8951249;Entire home/apt;193;1;0;;;1;338;0;0363 924C C1BE 776C 9114
1470747485850284665;Renovated apartment near Vondelpark, Amsterdam;32441993;Peter;Zuid;52.35393;4.84877;Entire home/apt;177;2;0;;;1;349;0;0363 D21D 7378 54FD D8A9
1470870430295724481;Unique and cosy appartement;361735352;Pieter;De Baarsjes - Oud-West;52.36538;4.87684;Entire home/apt;311;2;1;2025-08-21;1;1;81;1;0363 69A8 C477 B2EE 38EE
1471009283278659612;Jordaan Local Living;2139186;Deniz;Centrum-West;52.3806953;4.884186;Entire home/apt;321;3;1;2025-09-01;1;1;327;1;0363 C69E 3F65 272D 7DA3
1471068250800705538;Luxurieus & kids friendly, in city center;42973934;Ekaterina;Zuid;52.35540548132259;4.880615699384668;Entire home/apt;445;1;3;2025-08-31;2.73;1;88;3;0363 1F9A 7FC1 A007 53B1
1471584948332910565;The pipj apartment | T1 central;33936898;Ruben;De Pijp - Rivierenbuurt;52.3520742;4.8872548;Entire home/apt;150;3;1;2025-08-17;1;1;66;1;0363 3CD5 A863 B48C E144
1471609816791681890;Luxury apartment Amsterdam;709096210;Fleur;Zuid;52.35258;4.88228;Entire home/apt;445;1;0;;;1;364;0;0363 1407 496B 52A6 85CA
1471734596188640795;Lovely apartment in Amsterdam (2p);45969455;Sebastiaan;Zuid;52.35305;4.85386;Entire home/apt;289;2;0;;;2;352;0;0363 9A99 2764 BA76 5007
1471885253143954507;Appartement aan de gracht;32988526;Tessa;Centrum-West;52.37708;4.87807;Entire home/apt;261;3;0;;;1;259;0;0363167A501E1C59CDA8
1472258694881377423;Luxe gerenoveerd appartement;66231972;Sebastiaan;Centrum-Oost;52.3667;4.91081;Entire home/apt;221;1;0;;;1;222;0;0363 96B0 F551 E24A B0A0
1472441172285223878;roen;709351333;Sandra;Westerpark;52.38651;4.8745;Entire home/apt;49;1;1;2025-08-20;1;2;355;1;Exempt
1473201592854705885;Licht & modern appartement in De Baarsjes;63472363;Luc;De Baarsjes - Oud-West;52.36964;4.85263;Entire home/apt;154;2;2;2025-08-29;2;1;2;2;0363 E49D 9BCF F9AA AF8E
1473274065328372136;Stylish 3BR apartment with terrace near RAI;438906606;Eric;De Pijp - Rivierenbuurt;52.34481;4.89401;Entire home/apt;389;5;0;;;1;44;0;0363 8166 155E D648 25CE
1473294037999041958;Luxurious & spacious - AMS-East!;155233991;Eun;Oostelijk Havengebied - Indische Buurt;52.36096;4.9341;Entire home/apt;147;3;2;2025-09-06;2;1;14;2;0363 0A4A 4428 7708 1F6B
1473319784303276200;Coozy Apartment near Albert Cuyp Market (City);709608136;Jack;De Pijp - Rivierenbuurt;52.35248041337993;4.8910905718741295;Private room;127;1;0;;;2;82;0;0363 32F8 8D1F 6E25 7665
1473331767416749688;Sunny&Spacious–Rare in Amsterdam;172013524;Ana;Slotervaart;52.35019;4.836;Entire home/apt;230;2;2;2025-08-21;2;1;11;2;0363 8CC2 2885 0B11 8859
1473894086492554199;Historic House on the canal (gracht);709741852;Marlene;De Baarsjes - Oud-West;52.36906808835622;4.863685450926223;Private room;117;3;2;2025-09-07;2;1;306;2;03632A667EAD7A94FEAF
1473928146115455360;The Almond Blossom Room;512133118;Samira;Osdorp;52.3557284;4.8030974;Private room;89;3;2;2025-08-31;2;1;140;2;0363 1194 BA04 4255 929F
1474507177800826615;Ruim Huis met Licht & Ziel en een eigen tuin!;15731039;Olivier;IJburg - Zeeburgereiland;52.3582105;4.994443299999999;Entire home/apt;175;1;3;2025-08-17;2.50;1;12;3;0363 866E 1091 E231 8DA2
1474509738654107098;Sunny Amsterdam Hideaway;594402848;Mark;De Baarsjes - Oud-West;52.37293;4.85872;Entire home/apt;276;1;0;;;1;0;0;0363 F498 04D2 CBB4 392F
1475426981982468641;Cosy A’dam house with Park view;42567598;Joelle;Oud-Noord;52.39720708559246;4.917620345950127;Entire home/apt;244;2;0;;;1;88;0;0363 B7BF 4F45 B8F9 2EC9
1475457361431634973;Cozy Family Home, Garden & Bath;38610479;Maarten;Geuzenveld - Slotermeer;52.3810814;4.8168898;Entire home/apt;235;3;0;;;1;37;0;
1475516748328465884;2 bedroom suite, Amsterdam Zuid;199470517;Luck;Zuid;52.35169997442068;4.854399395755956;Entire home/apt;225;1;3;2025-09-07;3;1;314;3;0363 3D22 50AA 03B7 00CE
1475547020889428537;Lovely apartment for two;308265800;Sophie;De Baarsjes - Oud-West;52.36175;4.85952;Private room;105;5;0;;;1;31;0;Exempt
1475566664586653789;Urban Jungle with Canal View & Balcony;56061022;Hester;Westerpark;52.37453;4.86823;Entire home/apt;200;2;0;;;1;345;0;0363 1E1D 6154 BE11 446C
1475805087282815058;Spacious apartment Vondelpark;453749852;Tess;De Baarsjes - Oud-West;52.35686114773042;4.855222000259707;Entire home/apt;475;1;2;2025-09-04;2;1;347;2;0363 96B9 B0A6 CBE6 D5FA
1475857609996728608;Connected comfort;404272355;Wasi;Oud-Oost;52.355620726432626;4.90878562006927;Entire home/apt;101;1;11;2025-08-24;8.25;1;4;11;ACRD 6489 DS56 89GA D6L2
1475875925694693667;Serene canal retreat & workspace;39919353;Guido;Centrum-West;52.3831;4.88147;Entire home/apt;309;2;0;;;1;300;0;0363 747A 128C 7062 B997
1475895169620727035;Luxe appartement Amsterdam-Zuid;536385900;Sascha;De Pijp - Rivierenbuurt;52.35005;4.9056;Entire home/apt;335;2;0;;;1;356;0;0363 2A00 CB84 91B1 2E93
1475907941507933521;Spacious and modern apartment Amsterdam-East;296255844;Sophie;Oud-Oost;52.36279241285241;4.927528459947066;Entire home/apt;294;2;2;2025-08-26;2;1;241;2;0363 FEF2 01E4 608A 8168
1476002443108201064;Executive twin or double room;591582826;Ofer;Centrum-Oost;52.36553525529089;4.897598403704815;Private room;124;1;0;;;4;309;0;Exempt
1476051889347548382;Chic Studio by the Canal;140199696;Douwe;Centrum-West;52.36785;4.88307;Entire home/apt;214;1;2;2025-08-15;1.82;1;298;2;0363 865F AF64 931E E148
1476169641654794588;Central design studio-appartement;676042560;Tim;Centrum-Oost;52.3653959;4.8817661;Entire home/apt;186;1;3;2025-08-12;2.50;2;286;3;03637DE00F40E9841B18
1476232381831934443;Dubbel bovenhuis met dakterras;11484890;Edith;Watergraafsmeer;52.35013;4.93653;Entire home/apt;313;3;0;;;1;32;0;0363 1526 3D2F 7E0C 43A7
1476240475089533600;Stadse woning in de natuur;93448893;Paulien;Noord-Oost;52.39881;4.95541;Entire home/apt;260;5;0;;;1;57;0;0363 1F34 A119 D24E 5F17
1476248510665139415;Sfeervol appartement midden in de pijp;27083129;Anke;De Pijp - Rivierenbuurt;52.3519;4.89066;Entire home/apt;270;5;0;;;1;37;0;0363 A126 9384 F5DF B992
1476569630650705407;Appartement in Amsterdam-Oost;388048110;Iris;Oud-Oost;52.35673;4.92055;Entire home/apt;177;2;0;;;1;21;0;0363 44AB C43E 16BC 9505
1476667333775523326;Cozy apartment near the center;710522214;George;Westerpark;52.38789;4.88079;Entire home/apt;135;1;0;;;1;33;0;0363 B535 EEA7 43F3 91FF
1476778274078894793;Private apartment Rembrandtplein;651299682;Andrea;Centrum-Oost;52.365;4.89602;Entire home/apt;215;1;4;2025-08-27;2.86;8;286;4;ABCD 1234 AB12 89EF A0F9
1476810978294434720;Charming canal-view apartment;139501318;Bethan;Centrum-West;52.3758017;4.8769203;Entire home/apt;274;1;2;2025-08-24;2;1;13;2;0363 9BDD F0E3 2F0F 0FC6
1476824752943712443;Studio near Vondelpark;51052375;Bodine;De Baarsjes - Oud-West;52.3590133;4.860926099999999;Entire home/apt;137;2;2;2025-09-01;2;1;13;2;0363 2A78 D407 B118 5F78
1476835748763929126;Charming Jordaan Apartment;198469799;Sammie;Westerpark;52.38089;4.87859;Entire home/apt;324;2;1;2025-09-05;1;6;274;1;0363A27A90E5EDF39328
1477017514814958776;Room for one person in apartment;412516008;Federico;De Baarsjes - Oud-West;52.37204;4.85423;Private room;70;2;3;2025-08-27;3;2;362;3;0363 9F4A B290 ADC1 0033
1477490890665191162;tita;709351333;Sandra;Westerpark;52.39145;4.87663;Private room;80;1;0;;;2;362;0;Exempt
1477510995381433788;"Amsterdam Water Experience; private little boat";710750794;Jean-Paul;Centrum-Oost;52.36868;4.91796;Entire home/apt;106;1;0;;;1;359;0;0363 FFEE 6751 2217 D09C
1477535085898121816;Room in charming house - women only;12900721;Clementine;De Baarsjes - Oud-West;52.370404110297464;4.8622815027884485;Private room;131;1;1;2025-08-31;1;2;36;1;0363E9E6091C321617E2
1477556270246614260;Klassiek appartement oud zuid;60062087;Dana;Zuid;52.350640283955336;4.861456265610852;Entire home/apt;200;2;1;2025-08-15;1;1;38;1;0363 B024 0545 FE54 498C
1477562528612903923;Great full apart in Ams Zuid;9435259;Thierry;Zuid;52.34481;4.86102;Entire home/apt;255;3;0;;;7;170;0;0363 40B7 B08A C3C6 B53B
1477808783123760518;Private Studio in Amsterdam East;62643050;Daniel;Oud-Oost;52.35789;4.91723;Entire home/apt;117;2;0;;;4;31;0;0363 DED9 EA2A 7574 D14A
1478085962268240627;Ruim appartement Amsterdam;46964410;Joost;Oostelijk Havengebied - Indische Buurt;52.3650521;4.944035899999999;Entire home/apt;146;2;0;;;1;4;0;0363 CCA1 D288 83A2 0AAA
1478148953267802707;Boutique Garden Apartment;710919734;Dennis;De Pijp - Rivierenbuurt;52.34609974364223;4.895890175466393;Entire home/apt;338;2;2;2025-08-24;2;1;343;2;0363 033B 7FC4 5C3A DB9F
1478162710668569789;Bright Corner APT w/ Canal Views;38422723;Nathalie;De Baarsjes - Oud-West;52.36673;4.87294;Entire home/apt;302;3;0;;;1;70;0;036376000CF4C505CF91
1478307056615808436;Vondelview Residence;710968783;Dennis;Zuid;52.35989;4.87625;Entire home/apt;443;1;4;2025-09-08;4;1;350;4;0363 033B 7FC4 5C3A DB9F
1478758691743653214;Something Cool at the Amstel;100898867;Jeroen;Oud-Oost;52.35532;4.90873;Entire home/apt;358;2;0;;;1;354;0;0363 DA76 DAB9 3EE8 33C8
1478787576727481863;Centre Amsterdam, CS & Jordaan!;711085419;Bernardus;Centrum-West;52.37683254947548;4.88767147064209;Entire home/apt;349;1;0;;;1;364;0;03636C28F5D635D67A70
1479699100786510634;Appartement in Amsterdam;74281568;Ina;De Baarsjes - Oud-West;52.37281;4.85629;Entire home/apt;208;1;1;2025-08-11;0.94;1;51;1;0363 5C39 46E2 3694 0BF2
1479779916526416518;Spacious apartment with terrace;226130113;Kasper;De Pijp - Rivierenbuurt;52.35106;4.90029;Entire home/apt;235;3;0;;;1;4;0;0363 E7E5 63D7 556B 3A03
1479900104027044547;Cozy Amsterdam South Apartment;198469799;Sammie;Buitenveldert - Zuidas;52.33291404833233;4.876748212302948;Entire home/apt;100;1;0;;;6;109;0;0363A27A90E5EDF39328
1479929951340348365;Cozy Amsterdam South Apartment;198469799;Sammie;Buitenveldert - Zuidas;52.33138;4.87775;Entire home/apt;100;1;0;;;6;138;0;0363A27A90E5EDF39328
1479938849392299011;Cozy Amsterdam South Apartment;198469799;Sammie;Buitenveldert - Zuidas;52.33283;4.87579;Entire home/apt;100;1;0;;;6;99;0;0363A27A90E5EDF39328
1480319495567135692;Executive twin/double w/ balcony;591582826;Ofer;Centrum-Oost;52.3657711;4.897448199999999;Private room;156;1;0;;;4;309;0;Exempt
1480565268760210686;Cosy apartment near city center;18759112;Luca;Oud-Oost;52.36251;4.92854;Entire home/apt;204;5;0;;;1;112;0;0363 1F8A 25F9 5506 2E98
1480574166529908798;Apartment with garden and 2 cats;47700753;Maran;Watergraafsmeer;52.33979;4.9440877;Entire home/apt;113;2;1;2025-08-25;1;1;8;1;0363 2BCC 26AD 5EF2 132A
1480939106899068614;Gezellige en kleurrijke woning;103352466;Rosalie;De Pijp - Rivierenbuurt;52.35724;4.88807;Entire home/apt;161;2;1;2025-08-29;1;1;3;1;0363 61B5 6AB0 CF1F 75C2
1481006597280572167;Sunset Suite;711697640;Faranak;Centrum-West;52.3724410462371;4.876742554312004;Entire home/apt;274;2;0;;;1;356;0;0363 8F78 4E7D 812E 92DE
1481050070175028682;Sunny & charming Amsterdam home;177762569;Anne;Geuzenveld - Slotermeer;52.3795011;4.8309905;Entire home/apt;162;1;0;;;1;0;0;0363 91F2 3E8C 0CD0 E05F
1481245124216266178;Ruim appartement in het hart van de Pijp;50940688;Emmelien;De Pijp - Rivierenbuurt;52.355367;4.894539;Entire home/apt;215;5;1;2025-08-30;1;1;53;1;0363 4F0F 1ECE 1911 1E16
1481286876866817236;Stylish Sunny Apartment w/ Terrace near Vondelpark;98788180;Paul;De Baarsjes - Oud-West;52.359222;4.8597815;Entire home/apt;224;2;0;;;1;42;0;0363 4CF1 450B 46F0 B70C
1481317314147779807;Prinsengracht Canal distict brand new appartment;6624375;Vincent;Centrum-West;52.3660309687114;4.88339401781559;Entire home/apt;396;3;0;;;1;180;0;0363 B97C 082E 0C15 C32E
1481605245781182402;Herengracht Canal House;296434030;Heleen;Centrum-West;52.37167;4.88868;Entire home/apt;538;2;0;;;1;32;0;0363 249A C61E BD17 6B31
1481649275340257805;Westerhofje;251699470;Saskia;Centrum-West;52.37833;4.88147;Entire home/apt;576;4;1;2025-09-07;1;1;340;1;0363 81E5 2590 1731 2DED
1481731011487130111;Erasmuspark Apartment;49323127;Marthinus;Bos en Lommer;52.37728;4.85095;Entire home/apt;179;2;0;;;1;22;0;0363 213E 3E87 9171 E323
1481749582708889661;Bright Apartment in Central Amsterdam - 4 persons;13516494;Gerrit;Centrum-Oost;52.363739987826094;4.919764215869158;Entire home/apt;254;2;2;2025-09-09;2;1;5;2;0363 B5C1 B802 501D 3480
1482572546177941605;K&M panoramic triplex apartment with roof terrace;711168278;Mahran;Centrum-West;52.37067695575192;4.877179339528084;Entire home/apt;360;2;0;;;2;345;0;0363 6805 E705 DE05 2D48
1482606793251875836;Hidden Gem in Central Amsterdam;85019681;Joost;Centrum-Oost;52.37003000000001;4.915096999999999;Entire home/apt;225;1;3;2025-08-31;3;1;29;3;0363 1482 8603 A2CC 97F3
1482723667496262583;Bright Amsterdam Apartment – Our Home For You;692241;Maxime;De Pijp - Rivierenbuurt;52.3537309;4.9024233;Entire home/apt;139;7;0;;;1;1;0;0363 8793 8BC1 C601 ECCD
1483105193335439001;Beautiful house with garden;52301883;Elin;De Baarsjes - Oud-West;52.37417;4.8599;Entire home/apt;292;2;2;2025-08-23;2;2;3;2;0363 DCD7 C525 5E2C B548
1483122427786113532;Bright De Pijp Apartment near Metro & Park;170352247;Bram;De Pijp - Rivierenbuurt;52.35392;4.89692;Entire home/apt;223;1;1;2025-09-01;1;1;1;1;0363 7C5C BDCB 2C10 6D50
1483133327750126838;Trendy, rustig appartement in bruisend Oost;6927437;Hugo;Oostelijk Havengebied - Indische Buurt;52.3598715;4.9345843;Entire home/apt;121;2;0;;;1;9;0;0363 587F F308 4BED D4C0
1483433317031996690;Enjoy Rooftop Views in Amsterdam;697642796;Indra;Noord-Oost;52.38426;4.96153;Entire home/apt;177;2;3;2025-08-31;3;3;339;3;Exempt
1483463127944779780;Appartement, uitzicht op Amstel;97800719;Ester;Watergraafsmeer;52.34210899484925;4.92065638095093;Entire home/apt;186;2;0;;;1;8;0;0363 F4B3 381D 84CA 22CA
1483579379836404712;Apartment for couples/families next to Westerpark;6557654;Keke;Westerpark;52.38896062731824;4.877720917196635;Entire home/apt;152;3;1;2025-08-17;1;1;4;1;0363 DCB3 97C5 1A03 1304
1483867442370981742;Central Penthouse - Iconic Views;3713242;Barbara;Centrum-West;52.37545;4.89187;Entire home/apt;309;3;0;;;2;365;0;0363 0DB9 2B85 7C51 B41B
1483949585062085181;Calm Hoofddorppleinbuurt Apt;85307424;Tim;Zuid;52.35470275740583;4.847898264435722;Entire home/apt;200;2;0;;;1;362;0;0363 33A9 24B4 00A5 F270
1483965121389161372;Home in trendy Amsterdam-Noord;52681711;Maaike;Oud-Noord;52.393304958832516;4.902112819254398;Entire home/apt;164;1;0;;;1;10;0;0363 9EB0 2D8B 4F85 057D
1484244434964842878;Dam Center Oasis;481069764;Cornelia;Centrum-West;52.37212;4.89124;Entire home/apt;403;2;0;;;1;62;0;0363 341B F24A CD92 6CA4
1484580986496218178;Amazing Airbnb Amsterdam;364305280;Arnold;Bos en Lommer;52.38583;4.85114;Entire home/apt;500;1;0;;;23;252;0;0363 14A1 E5CE C924 7200
1484731303251498828;Laurier Apartment - in the Jordaan;3887700;Sydney;Centrum-West;52.3712731;4.8793818;Entire home/apt;149;2;1;2025-08-23;1;2;77;1;0363 5610 DD18 95CE 2E19
1484770320159670922;Gerenoveerd stadsappartement;32112180;Rosa;Oud-Oost;52.35529;4.90932;Entire home/apt;195;2;0;;;1;7;0;0363 D49D 218E 154A 610F
1484872005932370554;Serene, green, boho, central apartment;5240273;Angelique;De Baarsjes - Oud-West;52.36051156143091;4.863711355819693;Entire home/apt;273;4;0;;;1;139;0;0363 28D9 F022 44F7 5A30
1484934208815828403;Central modern 2bed apartment;32420023;Yulya;Centrum-Oost;52.37127;4.8996;Entire home/apt;309;1;0;;;2;331;0;FBGH1907YZ6631CKTM69
1484942720756258432;K&M Royal Stay!;711168278;Mahran;Centrum-West;52.36993;4.87772;Private room;252;3;0;;;2;365;0;03636805E705DE052D48
1484969651285372360;Quiet Studio - Vondelpark area;25422214;John;De Baarsjes - Oud-West;52.35883;4.85718;Entire home/apt;167;2;1;2025-09-01;1;2;41;1;0363 5A38 876B 8B14 2771
1485237933307551654;Villa Aurea;711508049;Anna Marie;Centrum-West;52.37575;4.88646;Entire home/apt;316;1;0;;;1;47;0;0363 22BB 5473 B170 1988
1485399368329868903;Cozy room in great location;692757122;Ilan;Slotervaart;52.36423;4.84181;Private room;108;2;0;;;3;31;0;0363 2F6C BA15 0308 6225
1485482584772419974;Lovely appartment near center;43958595;Felix;De Baarsjes - Oud-West;52.36017;4.86493;Entire home/apt;128;1;1;2025-08-23;1;1;10;1;036374193230097EBE36
1486163243178987707;Luxe design appartement in de Rivierenbuurt;102370875;Juliette;De Pijp - Rivierenbuurt;52.34521549999999;4.8917256;Entire home/apt;162;4;0;;;1;31;0;0363BC46943BDC5D6A69
1486272264610286490;Canal Art House Oude-West (Room);424331647;Xinyi;De Baarsjes - Oud-West;52.36283694543964;4.861586317420006;Private room;140;1;0;;;2;353;0;0363 3032 9640 50D0 3541
1486395592577982805;Cozy apartment with terrace;300483533;Marise;De Baarsjes - Oud-West;52.37034820661799;4.8525422153442355;Entire home/apt;187;3;0;;;1;37;0;0363 BE7D F252 0A10 5B61
1486776021575187230;Cosy place in Jordaan!;12917950;Britt;Centrum-West;52.38205190000001;4.8851391;Entire home/apt;170;3;0;;;1;65;0;0363 0A21 64A0 8DE2 13F1
1487088630246398034;Your Dutch windmill view;80314573;Andrej;Bos en Lommer;52.384877;4.8573672;Entire home/apt;159;1;0;;;1;3;0;0363 47B8 638B 5AC9 F4D9
1487424945679524302;18e-eeuws Appartement Dam;38320375;Charlotte;Centrum-West;52.3708951;4.8899704;Entire home/apt;206;3;0;;;1;316;0;
1487639998066502907;Spacious Amsterdam Hideaway;239465455;Diara;Bijlmer-Oost;52.32396;4.96621;Entire home/apt;186;7;0;;;1;23;0;0363 763D 701E E9D2 9400
1487784303434172685;Sfeervol appartement in Oud-West;124091229;Stephanie;De Baarsjes - Oud-West;52.3611703;4.8630904;Entire home/apt;154;6;0;;;1;35;0;0363 9C30 F94D D666 A6A1
1488169389231629410;Garden apartment near RAI & Zuidas;64476615;Katinka Elisabeth;Buitenveldert - Zuidas;52.33029;4.88244;Entire home/apt;112;2;0;;;1;140;0;0363 62DB 9AAB 38B9 D035
1488330693424031913;Appartement hartje van Amsterdam;246538067;Zara;Centrum-Oost;52.36225;4.88521;Entire home/apt;273;2;0;;;1;69;0;0363 9FF8 A987 5E98 CF90
1488362237230617864;Amazing five-story Canal House + private wellness;88554432;Rutger;Centrum-West;52.37643116056482;4.888295051883725;Entire home/apt;915;3;0;;;1;338;0;0363 389D A7D6 AFA0 4FCB
1489160548957034053;Appartement aan het IJ;461484733;Guinevere;Oud-Noord;52.38240465231844;4.9121057242155075;Entire home/apt;226;4;0;;;1;28;0;0363 9083 AE6A F4ED E318
1489736695709165497;Newly Renovated • Light & Quiet;553924898;Stijn;Watergraafsmeer;52.35348;4.92928;Entire home/apt;190;5;1;2025-09-06;1;1;344;1;0363 915F AA72 A8B5 9BEC
1489783643120633855;One-of-a-kind apartment in a historic landmark.;9641407;Joni;Westerpark;52.3839844867688;4.867475394548409;Entire home/apt;258;20;0;;;2;145;0;0363 6117 1DE9 4434 1E42
1489843349420004937;Sunny Apartment in Oud-West;104038840;Kelsey;De Baarsjes - Oud-West;52.3723;4.86599;Entire home/apt;233;3;0;;;1;12;0;0363 3FE4 2430 6656 0371
1489857999236043068;3minWalking fromCentral station;449825081;Dario;Centrum-West;52.37820105852024;4.896489242500919;Entire home/apt;162;1;1;2025-08-24;1;5;18;1;ABCD1234AB1289EFA0F9
1489916805814907757;Ruimtelijk, charmant huis;59770686;Susan;Watergraafsmeer;52.35509;4.93277;Entire home/apt;400;3;0;;;1;273;0;0363 1A69 A8B0 26B6 EDD0
1489983592876278620;Spacious room in apt. w/ garden;692757122;Ilan;Slotervaart;52.36407;4.84028;Private room;71;2;0;;;3;25;0;0363 2F6C BA15 0308 6225
1490550779218580168;Charming & Cozy 1BR Apartment @ Oud-West;47826218;Coen;De Baarsjes - Oud-West;52.36107637537352;4.861221047254787;Entire home/apt;162;3;0;;;1;5;0;0363 3691 325C 1235 52E1
1490575600876222250;Peaceful and sunny Jordaan stay;22836724;Liesbeth;Centrum-West;52.3764867;4.8817572;Entire home/apt;210;14;0;;;1;284;0;
1490737582808071394;Ruim appartement aan het water.;460743392;Thomas;Westerpark;52.390812;4.891128999999999;Entire home/apt;153;3;1;2025-08-24;1;1;348;1;0363 CD33 7413 69C5 0084
1491183418212124517;The Beukenplein Hideout;714363048;Charlie;Oud-Oost;52.35817;4.9193;Entire home/apt;130;2;0;;;1;11;0;0363 A73E E1E4 6461 5003
1491355916396195158;Room in appartment, close to Schiphol;152565049;Aniek;De Aker - Nieuw Sloten;52.34474130893958;4.814919975215077;Private room;154;1;0;;;2;361;0;0363 9B13 72C4 AFBE 0845
1491433633481895114;Townhouse in the city center;10758440;Joep;Centrum-Oost;52.3715469;4.9034773;Entire home/apt;579;2;0;;;1;153;0;0363 A891 7F80 BA8C C726
1491457854660659429;Veel licht en groot dakterras;245706459;Christine;De Baarsjes - Oud-West;52.3723612;4.863125699999999;Entire home/apt;185;4;1;2025-09-07;1;1;7;1;03634B453B5F274E732F
1491814381694408259;Sunny and Spacious AMS West Home;297947805;Charlie;De Baarsjes - Oud-West;52.37396;4.85805;Entire home/apt;219;2;0;;;1;352;0;
1491927773143851472;Licht stijlvol appartement in de Baarsjes;7084354;Lena;De Baarsjes - Oud-West;52.3697633;4.8589863;Entire home/apt;207;3;0;;;1;23;0;0363 4148 2B80 9741 F872
1492075900250054449;Cozy Flat in Trendy De Pijp;2956215;Vicente;De Pijp - Rivierenbuurt;52.35568;4.90041;Entire home/apt;120;30;0;;;2;158;0;0363 0F6F 4676 1715 475B
1492522987594782930;Little cozy studio;651299682;Andrea;Centrum-Oost;52.36322;4.89488;Entire home/apt;113;1;0;;;8;32;0;ABCD1234AB1289EFA0F9
1492551541311730181;Room Annette | close to city center & Vondelpark;19215663;Nyaki;De Baarsjes - Oud-West;52.35799;4.86023;Private room;90;2;2;2025-09-06;2;1;25;2;0363 C94B 0696 FFD7 58B3
1492571400005383499;Uniek gezellig grachtenpand hartje stad met rust;2467597;Jasper;Centrum-Oost;52.37384;4.90383;Entire home/apt;328;3;0;;;1;6;0;0363 2822 2229 4EE2 BD2F
1492762778218760463;Prestigious Amstel Residence;437283941;Floris;Oud-Oost;52.35711;4.9077;Entire home/apt;1070;1;0;;;1;100;0;0363 DF35 D0CB 305E 9FC1
1492793842501788066;Spacious room with a green view;2076713;Luba;Geuzenveld - Slotermeer;52.37392;4.82833;Private room;89;2;1;2025-09-07;1;1;30;1;0363 5DA7 E364 C1EA C9AB
1493333762971753149;Spacious & Bright 2BR Apartment @ Amsterdam East;32759404;Robert;Oostelijk Havengebied - Indische Buurt;52.36204;4.93716;Entire home/apt;267;2;0;;;1;44;0;0363 8EFB 9A1D 0AA9 3458
1493413108222694565;Modern and Spacious Design Loft;373452732;Christophe;Bos en Lommer;52.380464137822564;4.843127331865069;Entire home/apt;149;4;0;;;1;352;0;
1493477257083460785;Amazing, cosy & bright apartment;364305280;Arnold;Bos en Lommer;52.37626;4.86216;Entire home/apt;175;3;0;;;23;5;0;0363 27D6 9EFC C9F0 9C56
1493558423508608496;Pearl & Tulip 2BR + Free Parking;714007165;Dennis;Buitenveldert - Zuidas;52.3261399;4.8572058;Entire home/apt;224;2;1;2025-09-09;1;1;271;1;0363 033B 7FC4 5C3A DB9F
1494074314392988414;Our cozy two bedroom apartment;471526477;Mette;Oud-Oost;52.3584;4.91372;Entire home/apt;186;1;0;;;1;269;0;0363 C809 E9A5 A65A 2883
1494326209586167083;Cozy Ground-Floor Apartment;82617965;Karanjoot;Westerpark;52.38364079999999;4.873376899999999;Entire home/apt;206;1;0;;;1;30;0;
1494791868611398720;Studio in the heart of Amsterdam;54024316;JooYeon;Centrum-West;52.36587632814466;4.894883746034169;Entire home/apt;192;1;1;2025-09-06;1;1;11;1;0363 688C 4F1F 0FF1 E544
1495016643967047239;Herenhuis met tuin;138322781;Shari;Watergraafsmeer;52.35272;4.93589;Entire home/apt;269;1;0;;;1;59;0;0363 5A80 3B29 ADA4 8ED1
1495058600726320909;Ruim appartement met dakterras;128192617;Maud;De Baarsjes - Oud-West;52.3685534;4.8537294;Entire home/apt;270;1;0;;;1;8;0;
1495484405379657996;Luxurious house near the centre;715439809;Karlijn;Oud-Oost;52.3563;4.92438;Entire home/apt;340;2;0;;;1;117;0;0363 2855 EFFD A32F 03A6
1495554493412189501;Canal Art House Oude-West;424331647;Xinyi;De Baarsjes - Oud-West;52.36286233311305;4.861669130623341;Entire home/apt;412;1;0;;;2;258;0;0363 3032 9640 50D0 3541
1495557021993053396;Charming Apartment in Amsterdam;573699089;Nitin;De Baarsjes - Oud-West;52.36538179999999;4.864344399999999;Entire home/apt;188;2;0;;;1;14;0;0363 508A BD2B 41BA 08C9
1495558763625809588;Chic & Light Design Studio with Quiet Garden;5835459;Lisanne;Oud-Oost;52.35687624326243;4.921886871513436;Entire home/apt;165;2;0;;;1;8;0;
1495695000887866279;Stunning first floor apartment;61763630;Jake;De Baarsjes - Oud-West;52.36554;4.87672;Entire home/apt;317;3;0;;;1;157;0;0363 1A9B 4975 C7B7 8038
1495803503095281625;Stijlvol Amsterdams Huis aan het water met tuin;20604253;Gijs;Oud-Oost;52.35628;4.92859;Entire home/apt;370;5;0;;;1;54;0;0363 D3C6 F4E7 266D F80E
1495806362710275626;Boutique stay Jordaan Amsterdam;90054437;David;Centrum-West;52.37867439999999;4.8831954;Entire home/apt;232;1;0;;;1;12;0;0363 4ADF 4C6E FB41 EAE9
1496205960846845704;Stylish Apt - Close to Jordaan;16422889;Jorn;Westerpark;52.37609;4.87546;Entire home/apt;309;2;1;2025-09-07;1;1;3;1;0363 77EC 2B70 3E80 2164
1496340163341423906;City Centre Amsterdam Appartement for 4 persons;97225151;Sara;De Baarsjes - Oud-West;52.36744;4.87401;Entire home/apt;405;1;0;;;1;95;0;0363 0A15 35A5 3D7C F8E1
1496366471043834548;Moderne woning met tuin;110451612;Bibi;De Baarsjes - Oud-West;52.3605947;4.858743100000001;Entire home/apt;208;2;0;;;1;11;0;0363 1A5F 8E93 1749 FC7D
1496509166272174602;Villa Lollipop, Amsterdam North;3584030;Janieke;Noord-Oost;52.38832;4.96099;Entire home/apt;252;2;0;;;1;68;0;0363 FF77 0C58 071F 8C21
1496972347964316821;21st-Century Luxury & Elegant Upstairs Apartment;365788324;Yeh;De Baarsjes - Oud-West;52.363791771838684;4.874560552402873;Entire home/apt;415;60;0;;;1;345;0;0363 E635 4AF7 5976 E950
1497216832448452215;Zonnig appartement in Amsterdam;26237619;Marlynke;De Baarsjes - Oud-West;52.35715749523955;4.854965117926797;Entire home/apt;176;6;0;;;1;318;0;
1497242395676101334;Canal view city centrum;651299682;Andrea;Centrum-Oost;52.36525;4.89492;Entire home/apt;154;1;0;;;8;5;0;ABCD1234AB1289EFA0F9
1497616817965789400;Charmant Stadsappartement;128383038;Koen;Bos en Lommer;52.3778462;4.851635;Entire home/apt;191;2;0;;;1;15;0;0363 A758 E48C B2AC EBB6
1497784707484568405;Elegant home w/ garden and sauna;39835948;Willem;Zuid;52.34912087848212;4.869107987011238;Entire home/apt;407;3;0;;;1;350;0;03633192C771ACF37A93
1498331349250752261;Beautiful Apartment in the Heart of Amsterdam;424984500;Katrin;Centrum-Oost;52.36327;4.90987;Entire home/apt;220;3;0;;;1;335;0;0363 CEE3 BEAF 7414 DDBD
1498372166150986812;Cozy room;685380407;Nadir;Buitenveldert - Zuidas;52.32799;4.8878;Private room;51;1;0;;;1;349;0;Bd57 T787 Y745 N2W3 Y5R5
1498391032998805969;Fantastic large 2BR house near city centre!;716142178;Joost;Oud-Oost;52.35709;4.92505;Entire home/apt;340;2;0;;;1;96;0;0363 2855 EFFD A32F 03A6
1498399806285941262;Loft on the groundfloor;92759873;Dorine;Oostelijk Havengebied - Indische Buurt;52.3647357;4.933117699999999;Entire home/apt;240;7;0;;;1;90;0;0363 139C 264A 24F0 302B
1498628180092256237;Cozy apartment in Amsterdam with 40m2 roofterrace;263682086;Loes;Bos en Lommer;52.37584;4.86228;Entire home/apt;243;2;0;;;1;73;0;
1498644361391380202;Charming and bright canal apartment in De Jordaan;24818597;Vera;Centrum-West;52.3822396;4.880976599999999;Entire home/apt;212;2;0;;;1;0;0;0363 7DF1 2308 D436 DB96
1498683340246306465;Sergio's Houseboat in 'de Jordaan', Luna;105776961;Sergio-Michèle;Centrum-West;52.380812;4.880063;Entire home/apt;195;1;1;2025-09-09;1;1;339;1;0363F1C9FE4E3CC8C784
1498683773616453729;Sergio's Houseboat in 'de Jordaan', Tide;72546470;Sergio;Centrum-West;52.380812;4.880063;Entire home/apt;195;1;1;2025-09-10;1;1;352;1;0363F1C9FE4E3CC8C784
1498727025090516956;Private for 4 people centrum;651299682;Andrea;Centrum-Oost;52.36314;4.89646;Entire home/apt;177;1;0;;;8;5;0;ABCD1234AB1289EFA0F9
1499057254804741423;Charming 2BR apartment with a spacious garden;51929438;Mathijs;De Baarsjes - Oud-West;52.3627088;4.8511583;Entire home/apt;233;14;0;;;1;9;0;0363 FB62 33DC 42FF E217
1499307343987837232;Gezellig, licht en ruim appartement;15605656;Pieterneeltje Maria;De Baarsjes - Oud-West;52.36301;4.853;Entire home/apt;136;2;0;;;1;7;0;0363 7FAB DEF9 58A6 A69A
1499427143436952949;Family-friendly apartment with garden;35020955;Natalia;Buitenveldert - Zuidas;52.33105;4.88523;Entire home/apt;179;3;0;;;1;23;0;0363 D735 2287 4634 47CE
1499797114122693841;NEW: Central 2BR Apartment in Amsterdam West;60190811;Thalina;De Baarsjes - Oud-West;52.37376;4.86228;Entire home/apt;238;3;0;;;1;121;0;03632A169A28D52DFCB9
1499968858896491223;Lovely home in trendy Noord incl. baby bed (<3y);8885872;Gijs;Oud-Noord;52.38618;4.91608;Entire home/apt;225;4;0;;;1;309;0;0363 6337 415F 7951 5338
1500025385434066522;Canal room ideal for a couple;40668655;Martina;De Baarsjes - Oud-West;52.36749;4.85602;Private room;50;21;0;;;1;365;0;0363 4670 77EE 716F 8173
1500026169520212496;Cosy Scandinavian home;11455458;Lukas;Zuid;52.34458;4.8589;Entire home/apt;206;1;0;;;1;63;0;0363 D8A5 78BC E00B 006E
1500203649891970401;Appartement in Amsterdam;464172482;Daniël;Oostelijk Havengebied - Indische Buurt;52.364611;4.9397063;Entire home/apt;150;2;0;;;1;42;0;0363 D1E2 D9FB FE20 B62A
1500467939143232596;Cozy luxury apartment Amsterdam Zuid;27464916;Lotte;De Pijp - Rivierenbuurt;52.3431747;4.893740999999999;Entire home/apt;209;1;0;;;1;55;0;0363 1E01 EA7B F10A 273A
1500746154382086047;Brams House;309189524;Noah;Oud-Oost;52.35909927925115;4.924267530441284;Private room;113;1;0;;;1;142;0;0363 4C86 BAAC C376 0D58
1500769789967184203;Design Apartment with Lake Views, Amsterdam;42583507;Haris;Geuzenveld - Slotermeer;52.37168;4.83009;Entire home/apt;149;3;0;;;1;78;0;
1500893537344164007;Central station 4 people;651299682;Andrea;Centrum-West;52.37633;4.89591;Entire home/apt;156;1;0;;;8;38;0;ABCD1234AB1289EFA0F9
1501306403547254266;Gallery Nassau Canal Suite;33089464;Stan;De Baarsjes - Oud-West;52.37054;4.87328;Private room;139;1;0;;;5;224;0;0363 423A 2F16 C731 A413
1501318649588472852;Modern Nassau Canal Suite;33089464;Stan;Centrum-West;52.38307;4.88168;Private room;138;2;0;;;5;272;0;0363 423A 2F16 C731 A413
1501318650993274112;Cozy Nassau Canal Suite;33089464;Stan;De Baarsjes - Oud-West;52.37055;4.87357;Private room;125;2;0;;;5;284;0;0363 423A 2F16 C731 A413
1501333915425871293;Charmant appartement in hartje Amsterdam;174789976;Tess;De Pijp - Rivierenbuurt;52.3503;4.8967;Entire home/apt;253;2;0;;;1;358;0;0363 7B43 6B1E 744C A99E
1501340779661695280;Spacious Nassau Canal Suite;33089464;Stan;De Baarsjes - Oud-West;52.36922;4.87416;Private room;135;2;0;;;5;274;0;0363 6BB6 C5C4 AF17 6BE8
1501493111292989949;Center - De Pijp apartment;3031239;Niels Cornelis;Centrum-Oost;52.358738295520006;4.891982229190552;Entire home/apt;255;3;0;;;1;5;0;0463 7DC9 10D1 223B B10E
1502002221862815389;Warm & Comfortabel Thuis met Openhaard;705030033;Eline Sophie;De Pijp - Rivierenbuurt;52.34459;4.89665;Entire home/apt;331;1;0;;;1;305;0;0363 99DA 3626 12AB 859E
1502058906854510608;Private apartment in vibrant neighborhood;257166172;Ricardo;De Pijp - Rivierenbuurt;52.3549;4.89631;Entire home/apt;240;2;0;;;2;61;0;0363 7B5F 8704 3868 52B1
1502132971415119925;Luxurious park-side apartment;80220299;Bram;Oud-Oost;52.3628822761772;4.92482565731874;Entire home/apt;209;3;0;;;1;26;0;0363 9E46 124E 98C1 A243
1502602386956783817;Amster Houseboat Canal View (upstairs apartment);214313367;Rosalie;Noord-West;52.40389645555894;4.903182915544468;Entire home/apt;157;1;0;;;2;340;0;0263 D873 6585 68B0 8668
1502673302264413472;Cosy Jordaan apartment;407091602;Jacob;Centrum-West;52.37248;4.87732;Entire home/apt;197;4;0;;;1;350;0;036372F1F723F6F3D5E9
1502776647557437251;Executive Houseboat-Apartment Bluewater;198405490;Suzanne;Centrum-West;52.38287;4.88596;Entire home/apt;584;14;0;;;18;32;0;0363 4CEF CC77 B9F1 765F
1502797806991500832;Gezellige, karaktervolle authentieke woonboot;23909058;Tim;Centrum-Oost;52.37147;4.9105;Entire home/apt;202;1;0;;;1;309;0;
1502865938487978016;Cosy one bedroom apartment in Amsterdam Noord;102449031;Diosa;Oud-Noord;52.39903;4.91541;Entire home/apt;137;1;0;;;1;17;0;0363 2AB1 E13E D42F 386D
1503145545400026458;Downtown apartment w/terrasse and view to a canal;22534485;Hamilton;Centrum-Oost;52.361827;4.9052961;Private room;87;1;0;;;1;87;0;
1503399985423712696;The Staal House;420845707;Hank;Centrum-Oost;52.3681565;4.8982715;Entire home/apt;500;1;0;;;1;70;0;0363 7302 7B95 4CF8 8169
1503475250056511603;Comfortable spacious apartment in great location;175885486;Christian;De Baarsjes - Oud-West;52.3686521;4.8559987;Entire home/apt;149;2;0;;;1;291;0;0363 AA29 4900 1AD4 76A9
1503528945274992542;Pearl of the Cuyp | Modern Comfort in De Pijp;717346955;Dennis;De Pijp - Rivierenbuurt;52.35423;4.89525;Entire home/apt;423;2;0;;;1;352;0;0363 033B 7FC4 5C3A DB9F
1503867342263201504;test host, don't book;78127165;Kaiying;Centrum-Oost;52.3599;4.90582;Entire home/apt;6474;1;0;;;1;365;0;
1504985777531398085;Bright studio with canal view;613779;Silvana;Bos en Lommer;52.37793;4.84669;Entire home/apt;130;1;0;;;4;176;0;0363F7E548AEB29F3BA3
1504998100462399057;Bright & Spacious Luxury Corner Apartment;715849738;Jason;Westerpark;52.373780135476025;4.871858172118664;Entire home/apt;499;5;0;;;1;20;0;0363 5876 BBB2 EF1F 097D
1505255613607359391;Bright and Spacious Ground Floor App. with Garden;31681093;Jerom;Oud-Noord;52.38655;4.91721;Entire home/apt;144;1;0;;;1;27;0;0363 3146 D0B7 73A7 E9FA
1506287353709120640;Stylish & cozy apartment in Amsterdam West;32442604;Lisa;Bos en Lommer;52.37629871877198;4.860642298764003;Entire home/apt;152;2;0;;;1;26;0;0363 044C 2949 EABC E0B8